cik,filingDate,issuerTradingSymbol,reportingOwnerName,reportingOwnerRelationship,accessionNumber,transactionDate,transactionCode,transactionShares,transactionPricePerShare,sharesOwnedFollowingTransaction,directOrIndirectOwnership,transactionType,securityTitle,underlyingSecurityTitle,underlyingSecurityShares,exercisePrice,expirationDate
1022079,2016-01-05,DGX,BRITELL JENNE K,,0001022079-16-000169,2016-01-04,A,169,71.38,17660,D,,,,,,
1022079,2016-01-05,DGX,Gregg Vicky B,,0001022079-16-000167,2016-01-04,A,61,71.38,4684,D,,,,,,
1022079,2016-01-05,DGX,PFEIFFER GARY M,,0001022079-16-000165,2016-01-04,A,494,71.38,19685,D,,,,,,
1022079,2016-01-05,DGX,RING TIMOTHY M,,0001022079-16-000163,2016-01-04,A,417,71.38,10454,D,,,,,,
1022079,2016-01-05,DGX,ZIEGLER JOHN B,,0001022079-16-000161,2016-01-04,A,337,71.38,17302,D,,,,,,
1022079,2016-02-18,DGX,Cohen Jon R,,0001022079-16-000185,2016-02-16,F,657,61.95,61672,D,,,,,,
1022079,2016-02-18,DGX,Cunningham Everett,,0001022079-16-000186,2016-02-16,F,663,61.95,27218,D,,,,,,
1022079,2016-02-18,DGX,Davis J. E.,,0001022079-16-000187,2016-02-16,F,595,61.95,25022,D,,,,,,
1022079,2016-02-18,DGX,Doherty Catherine T.,,0001022079-16-000188,2016-02-16,F,609,61.95,78072,D,,,,,,
1022079,2016-02-18,DGX,Klug Robert A,,0001022079-16-000190,2016-02-16,F,61,61.95,1897,D,,,,,,
1022079,2016-02-18,DGX,PREVOZNIK MICHAEL E,,0001022079-16-000191,2016-02-16,F,471,61.95,41722,D,,,,,,
1022079,2016-02-18,DGX,RUSCKOWSKI STEPHEN H,,0001022079-16-000192,2016-02-16,F,2386,61.95,120057,D,,,,,,
1022079,2016-02-18,DGX,GUINAN MARK,,0001022079-16-000189,2016-02-16,F,739,61.95,41937,D,,,,,,
1022079,2016-02-29,DGX,Cunningham Everett,,0001022079-16-000207,2016-02-25,F,457,66.44,31272,D,,,,,,
1022079,2016-02-29,DGX,Cunningham Everett,,0001022079-16-000207,2016-02-25,A,4511,0.0,31729,D,,,,,,
1022079,2016-02-29,DGX,Doherty Catherine T.,,0001022079-16-000208,2016-02-25,F,422,66.44,82161,D,,,,,,
1022079,2016-02-29,DGX,Doherty Catherine T.,,0001022079-16-000208,2016-02-25,A,4511,0.0,82583,D,,,,,,
1022079,2016-02-29,DGX,Davis J. E.,,0001022079-16-000209,2016-02-25,F,459,66.44,30578,D,,,,,,
1022079,2016-02-29,DGX,Cohen Jon R,,0001022079-16-000206,2016-02-25,A,4511,0.0,66183,D,,,,,,
1022079,2016-02-29,DGX,Davis J. E.,,0001022079-16-000209,2016-02-25,A,6015,0.0,31037,D,,,,,,
1022079,2016-02-29,DGX,Cohen Jon R,,0001022079-16-000206,2016-02-25,F,458,66.44,65725,D,,,,,,
1022079,2016-02-29,DGX,GUINAN MARK,,0001022079-16-000210,2016-02-25,A,6315,0.0,48252,D,,,,,,
1022079,2016-02-29,DGX,RUSCKOWSKI STEPHEN H,,0001022079-16-000213,2016-02-25,F,1832,66.44,140778,D,,,,,,
1022079,2016-02-29,DGX,RUSCKOWSKI STEPHEN H,,0001022079-16-000213,2016-02-25,A,22553,0.0,142610,D,,,,,,
1022079,2016-02-29,DGX,Klug Robert A,,0001022079-16-000211,2016-02-25,F,48,66.44,2646,D,,,,,,
1022079,2016-02-29,DGX,Klug Robert A,,0001022079-16-000211,2016-02-25,A,797,0.0,2694,D,,,,,,
1022079,2016-02-29,DGX,PREVOZNIK MICHAEL E,,0001022079-16-000212,2016-02-25,F,309,66.44,45323,D,,,,,,
1022079,2016-02-29,DGX,PREVOZNIK MICHAEL E,,0001022079-16-000212,2016-02-25,A,3910,0.0,45632,D,,,,,,
1022079,2016-02-29,DGX,GUINAN MARK,,0001022079-16-000210,2016-02-25,F,550,66.44,47702,D,,,,,,
1022079,2016-03-03,DGX,Cunningham Everett,,0001022079-16-000226,2016-03-01,F,1000,67.01,32956,D,,,,,,
1022079,2016-03-03,DGX,Cunningham Everett,,0001022079-16-000226,2016-03-01,A,2684,67.01,33956,D,,,,,,
1022079,2016-03-03,DGX,Klug Robert A,,0001022079-16-000227,2016-03-01,F,72,67.01,2797,D,,,,,,
1022079,2016-03-03,DGX,Klug Robert A,,0001022079-16-000227,2016-03-01,A,184,67.01,2830,D,,,,,,
1022079,2016-03-03,DGX,Doherty Catherine T.,,0001022079-16-000228,2016-03-01,F,922,67.01,83923,D,,,,,,
1022079,2016-03-03,DGX,PREVOZNIK MICHAEL E,,0001022079-16-000229,2016-03-01,F,685,67.01,46632,D,,,,,,
1022079,2016-03-03,DGX,Doherty Catherine T.,,0001022079-16-000228,2016-03-01,A,2684,67.01,84845,D,,,,,,
1022079,2016-03-03,DGX,RUSCKOWSKI STEPHEN H,,0001022079-16-000225,2016-03-01,A,10273,67.01,151051,D,,,,,,
1022079,2016-03-03,DGX,Cohen Jon R,,0001022079-16-000232,2016-03-01,A,2684,67.01,68409,D,,,,,,
1022079,2016-03-03,DGX,PREVOZNIK MICHAEL E,,0001022079-16-000229,2016-03-01,A,1994,67.01,47317,D,,,,,,
1022079,2016-03-03,DGX,RUSCKOWSKI STEPHEN H,,0001022079-16-000225,2016-03-01,F,4811,67.01,146240,D,,,,,,
1022079,2016-03-03,DGX,PREVOZNIK MICHAEL E,,0001022079-16-000229,2016-03-01,S,3532,68.1894,42181,D,,,,,,
1022079,2016-03-03,DGX,Davis J. E.,,0001022079-16-000230,2016-03-01,F,655,67.01,31861,D,,,,,,
1022079,2016-03-03,DGX,Davis J. E.,,0001022079-16-000230,2016-03-01,A,1870,67.01,32448,D,,,,,,
1022079,2016-03-03,DGX,GUINAN MARK,,0001022079-16-000231,2016-03-01,F,966,67.01,49327,D,,,,,,
1022079,2016-03-03,DGX,GUINAN MARK,,0001022079-16-000231,2016-03-01,A,2591,67.01,50293,D,,,,,,
1022079,2016-03-03,DGX,Cohen Jon R,,0001022079-16-000232,2016-03-01,F,1000,67.01,67409,D,,,,,,
1022079,2016-04-27,DGX,Doherty Catherine T.,,0001022079-16-000253,2016-04-25,S,23667,74.459,82618,D,,,,,,
1022079,2016-04-27,DGX,Doherty Catherine T.,,0001022079-16-000253,2016-04-25,M,23667,51.2,106285,D,,,,,,
1022079,2016-05-09,DGX,Cunningham Everett,,0001022079-16-000256,2016-05-06,M,949,56.12,32649,D,,,,,,
1022079,2016-05-09,DGX,Cunningham Everett,,0001022079-16-000256,2016-05-06,S,949,76.0,31700,D,,,,,,
1022079,2016-05-11,DGX,Cunningham Everett,,0001022079-16-000259,2016-05-09,M,43060,56.12,74949,D,,,,,,
1022079,2016-05-11,DGX,Cunningham Everett,,0001022079-16-000259,2016-05-09,S,43060,76.277,31889,D,,,,,,
1022079,2016-05-16,DGX,BRITELL JENNE K,,0001022079-16-000263,2016-05-12,M,8000,51.55,19655,I,,,,,,
1022079,2016-05-16,DGX,BRITELL JENNE K,,0001022079-16-000263,2016-05-12,S,8000,75.682,11655,I,,,,,,
1022079,2016-05-19,DGX,Gregg Vicky B,,0001022079-16-000278,2016-05-17,A,2196,0.0,6906,D,,,,,,
1022079,2016-05-19,DGX,LEIDEN JEFFREY M,,0001022079-16-000279,2016-05-17,A,2196,0.0,5731,D,,,,,,
1022079,2016-05-19,DGX,BRITELL JENNE K,,0001022079-16-000277,2016-05-17,A,2196,0.0,19876,I,,,,,,
1022079,2016-05-19,DGX,RING TIMOTHY M,,0001022079-16-000282,2016-05-17,A,2196,0.0,12767,D,,,,,,
1022079,2016-05-19,DGX,PFEIFFER GARY M,,0001022079-16-000281,2016-05-17,A,2196,0.0,22008,D,,,,,,
1022079,2016-05-19,DGX,MAIN TIMOTHY L,,0001022079-16-000280,2016-05-17,A,2196,0.0,13118,D,,,,,,
1022079,2016-05-19,DGX,WILENSKY GAIL R,,0001022079-16-000284,2016-05-17,A,2196,0.0,23387,D,,,,,,
1022079,2016-05-19,DGX,ZIEGLER JOHN B,,0001022079-16-000285,2016-05-17,A,2196,0.0,19539,D,,,,,,
1022079,2016-05-19,DGX,STANZIONE DANIEL,,0001022079-16-000283,2016-05-17,A,3275,0.0,33102,D,,,,,,
1022079,2016-05-25,DGX,Davis J. E.,,0001022079-16-000291,2016-05-23,F,1907,76.3,30077,D,,,,,,
1022079,2016-06-01,DGX,Doherty Catherine T.,,0001022079-16-000293,2016-05-27,M,23667,55.65,100402,D,,,,,,
1022079,2016-06-01,DGX,Doherty Catherine T.,,0001022079-16-000293,2016-05-27,S,23667,77.268,100402,D,,,,,,
1022079,2016-07-27,DGX,ZIEGLER JOHN B,,0001022079-16-000310,2016-07-25,S,1000,84.359,18557,D,,,,,,
1022079,2016-08-04,DGX,LEIDEN JEFFREY M,,0001022079-16-000312,2016-08-03,M,1502,68.68,7233,D,,,,,,
1022079,2016-08-04,DGX,LEIDEN JEFFREY M,,0001022079-16-000312,2016-08-03,S,1206,85.624,6027,D,,,,,,
1022079,2016-08-11,DGX,BRITELL JENNE K,,0001022079-16-000314,2016-08-10,M,4000,55.76,23876,I,,,,,,
1022079,2016-08-11,DGX,BRITELL JENNE K,,0001022079-16-000314,2016-08-10,S,4000,85.202,19885,I,,,,,,
1022079,2016-08-22,DGX,Klug Robert A,,0001022079-16-000318,2016-08-18,F,11,84.89,2972,D,,,,,,
1022079,2016-08-22,DGX,BRITELL JENNE K,,0001022079-16-000317,2016-08-19,M,4000,55.76,23885,I,,,,,,
1022079,2016-08-22,DGX,BRITELL JENNE K,,0001022079-16-000317,2016-08-19,S,4000,84.763,19885,I,,,,,,
1022079,2016-08-24,DGX,Klug Robert A,,0001022079-16-000322,2016-08-22,F,84,84.57,2888,D,,,,,,
1022079,2016-08-24,DGX,GUINAN MARK,,0001022079-16-000321,2016-08-22,F,1777,84.57,47550,D,,,,,,
1022079,2016-10-17,DGX,Klug Robert A,,0001022079-16-000326,2016-10-13,A,91,0.0,3043,D,,,,,,
1022079,2016-11-17,DGX,PFEIFFER GARY M,,0001022079-16-000341,2016-11-15,M,8000,51.55,30008,D,,,,,,
1022079,2016-11-17,DGX,PFEIFFER GARY M,,0001022079-16-000341,2016-11-15,S,8000,85.012,22008,D,,,,,,
1022079,2017-02-01,DGX,Doherty Catherine T.,,0001022079-17-000007,2017-01-30,M,42586,52.165,119321,D,,,,,,
1022079,2017-02-01,DGX,Doherty Catherine T.,,0001022079-17-000007,2017-01-30,S,31100,90.419,88221,D,,,,,,
1022079,2017-02-06,DGX,PREVOZNIK MICHAEL E,,0001022079-17-000009,2017-02-02,M,30000,51.2,71918,D,,,,,,
1022079,2017-02-06,DGX,PREVOZNIK MICHAEL E,,0001022079-17-000009,2017-02-02,S,30000,92.395,41918,D,,,,,,
1022079,2017-02-15,DGX,Doherty Catherine T.,,0001022079-17-000021,2017-02-13,F,1740,93.85,74995,D,,,,,,
1022079,2017-02-15,DGX,Cohen Jon R,,0001022079-17-000018,2017-02-13,F,1274,93.85,64812,D,,,,,,
1022079,2017-02-15,DGX,Cunningham Everett,,0001022079-17-000019,2017-02-13,F,1278,93.85,31069,D,,,,,,
1022079,2017-02-15,DGX,Davis J. E.,,0001022079-17-000020,2017-02-13,F,1529,93.85,29079,D,,,,,,
1022079,2017-02-15,DGX,GUINAN MARK,,0001022079-17-000022,2017-02-13,F,1451,93.85,39436,D,,,,,,
1022079,2017-02-15,DGX,PREVOZNIK MICHAEL E,,0001022079-17-000024,2017-02-13,S,1200,93.76,39493,D,,,,,,
1022079,2017-02-15,DGX,PREVOZNIK MICHAEL E,,0001022079-17-000024,2017-02-13,F,1293,93.85,40693,D,,,,,,
1022079,2017-02-15,DGX,RUSCKOWSKI STEPHEN H,,0001022079-17-000025,2017-02-13,F,5686,93.85,135011,D,,,,,,
1022079,2017-02-15,DGX,Klug Robert A,,0001022079-17-000023,2017-02-13,F,126,93.96,3053,D,,,,,,
1022079,2017-02-17,DGX,Doherty Catherine T.,,0001022079-17-000027,2017-02-15,S,1615,94.649,73380,D,,,,,,
1022079,2017-02-23,DGX,Cohen Jon R,,0001022079-17-000044,2017-02-21,A,3132,0.0,67944,D,,,,,,
1022079,2017-02-23,DGX,Cunningham Everett,,0001022079-17-000043,2017-02-21,A,3132,0.0,34201,D,,,,,,
1022079,2017-02-23,DGX,Davis J. E.,,0001022079-17-000045,2017-02-21,A,4594,0.0,33673,D,,,,,,
1022079,2017-02-23,DGX,Doherty Catherine T.,,0001022079-17-000046,2017-02-21,A,3132,0.0,76512,D,,,,,,
1022079,2017-02-23,DGX,EGLINTON MANNER CARRIE,,0001022079-17-000047,2017-02-21,A,3132,0.0,20537,D,,,,,,
1022079,2017-02-23,DGX,GUINAN MARK,,0001022079-17-000048,2017-02-21,A,4802,0.0,44238,D,,,,,,
1022079,2017-02-23,DGX,Klug Robert A,,0001022079-17-000049,2017-02-21,A,564,0.0,3617,D,,,,,,
1022079,2017-02-23,DGX,PREVOZNIK MICHAEL E,,0001022079-17-000050,2017-02-21,A,2715,0.0,42208,D,,,,,,
1022079,2017-02-23,DGX,RUSCKOWSKI STEPHEN H,,0001022079-17-000051,2017-02-21,A,15659,0.0,150670,D,,,,,,
1022079,2017-02-24,DGX,ZIEGLER JOHN B,,0001022079-17-000055,2017-02-22,S,2000,95.508,16557,D,,,,,,
1022079,2017-02-28,DGX,Cunningham Everett,,0001022079-17-000065,2017-02-24,F,638,95.68,33563,D,,,,,,
1022079,2017-02-28,DGX,Doherty Catherine T.,,0001022079-17-000066,2017-02-24,F,638,95.68,75874,D,,,,,,
1022079,2017-02-28,DGX,GUINAN MARK,,0001022079-17-000067,2017-02-24,F,585,95.68,43653,D,,,,,,
1022079,2017-02-28,DGX,Davis J. E.,,0001022079-17-000069,2017-02-24,F,600,95.68,33073,D,,,,,,
1022079,2017-02-28,DGX,Klug Robert A,,0001022079-17-000068,2017-02-24,F,43,95.68,3574,D,,,,,,
1022079,2017-02-28,DGX,PREVOZNIK MICHAEL E,,0001022079-17-000070,2017-02-27,S,440,97.39,41294,D,,,,,,
1022079,2017-02-28,DGX,PREVOZNIK MICHAEL E,,0001022079-17-000070,2017-02-24,F,474,95.68,41734,D,,,,,,
1022079,2017-02-28,DGX,RUSCKOWSKI STEPHEN H,,0001022079-17-000071,2017-02-24,F,2759,95.68,147911,D,,,,,,
1022079,2017-02-28,DGX,Cohen Jon R,,0001022079-17-000064,2017-02-24,F,459,95.68,67485,D,,,,,,
1022079,2017-03-02,DGX,PREVOZNIK MICHAEL E,,0001022079-17-000082,2017-02-28,F,507,96.42,40787,D,,,,,,
1022079,2017-03-02,DGX,Cohen Jon R,,0001022079-17-000080,2017-02-28,F,420,96.42,67065,D,,,,,,
1022079,2017-03-02,DGX,Davis J. E.,,0001022079-17-000081,2017-02-28,F,675,96.42,32398,D,,,,,,
1022079,2017-03-02,DGX,Cunningham Everett,,0001022079-17-000083,2017-02-28,F,585,96.42,32978,D,,,,,,
1022079,2017-03-02,DGX,GUINAN MARK,,0001022079-17-000084,2017-02-28,F,625,96.42,43028,D,,,,,,
1022079,2017-03-02,DGX,Klug Robert A,,0001022079-17-000087,2017-02-28,F,69,96.42,3505,D,,,,,,
1022079,2017-03-02,DGX,RUSCKOWSKI STEPHEN H,,0001022079-17-000085,2017-02-28,F,3163,96.42,144748,D,,,,,,
1022079,2017-03-02,DGX,Doherty Catherine T.,,0001022079-17-000086,2017-02-28,F,585,96.42,75289,D,,,,,,
1022079,2017-03-03,DGX,GUINAN MARK,,0001022079-17-000097,2017-03-02,F,7420,98.12,49917,D,,,,,,
1022079,2017-03-03,DGX,PREVOZNIK MICHAEL E,,0001022079-17-000101,2017-03-01,S,470,97.77,40317,D,,,,,,
1022079,2017-03-03,DGX,PREVOZNIK MICHAEL E,,0001022079-17-000101,2017-03-02,A,9302,98.12,49619,D,,,,,,
1022079,2017-03-03,DGX,PREVOZNIK MICHAEL E,,0001022079-17-000101,2017-03-02,F,4824,98.12,44800,D,,,,,,
1022079,2017-03-03,DGX,Cunningham Everett,,0001022079-17-000093,2017-03-02,A,12520,98.12,45498,D,,,,,,
1022079,2017-03-03,DGX,Davis J. E.,,0001022079-17-000095,2017-03-02,F,7421,98.12,37543,D,,,,,,
1022079,2017-03-03,DGX,Cunningham Everett,,0001022079-17-000093,2017-03-02,F,6492,98.12,39052,D,,,,,,
1022079,2017-03-03,DGX,Klug Robert A,,0001022079-17-000099,2017-03-02,A,1217,98.12,4722,D,,,,,,
1022079,2017-03-03,DGX,GUINAN MARK,,0001022079-17-000097,2017-03-02,A,14309,98.12,57337,D,,,,,,
1022079,2017-03-03,DGX,Klug Robert A,,0001022079-17-000099,2017-03-02,F,419,98.12,4330,D,,,,,,
1022079,2017-03-03,DGX,Cohen Jon R,,0001022079-17-000091,2017-03-02,A,12520,98.12,79585,D,,,,,,
1022079,2017-03-03,DGX,Cohen Jon R,,0001022079-17-000091,2017-03-02,F,6402,98.12,73183,D,,,,,,
1022079,2017-03-03,DGX,RUSCKOWSKI STEPHEN H,,0001022079-17-000090,2017-03-02,A,47934,98.12,192682,D,,,,,,
1022079,2017-03-03,DGX,RUSCKOWSKI STEPHEN H,,0001022079-17-000090,2017-03-02,F,26891,98.12,165888,D,,,,,,
1022079,2017-03-03,DGX,Davis J. E.,,0001022079-17-000095,2017-03-02,A,12520,98.12,44918,D,,,,,,
1022079,2017-03-06,DGX,PREVOZNIK MICHAEL E,,0001022079-17-000105,2017-03-03,S,4478,98.29,40322,D,,,,,,
1022079,2017-03-06,DGX,Doherty Catherine T.,,0001022079-17-000104,2017-03-02,A,12520,98.12,87809,D,,,,,,
1022079,2017-03-06,DGX,Doherty Catherine T.,,0001022079-17-000104,2017-03-02,F,6492,98.12,81317,D,,,,,,
1022079,2017-03-06,DGX,Doherty Catherine T.,,0001022079-17-000104,2017-03-02,S,1134,98.25,80183,D,,,,,,
1022079,2017-03-06,DGX,Doherty Catherine T.,,0001022079-17-000104,2017-03-03,S,6028,98.29,74155,D,,,,,,
1022079,2017-03-20,DGX,PREVOZNIK MICHAEL E,,0001022079-17-000107,2017-03-16,M,13987,55.65,54309,D,,,,,,
1022079,2017-03-20,DGX,PREVOZNIK MICHAEL E,,0001022079-17-000107,2017-03-16,S,13987,100.0,40322,D,,,,,,
1022079,2017-04-24,DGX,PREVOZNIK MICHAEL E,,0001022079-17-000120,2017-04-20,M,1013,55.65,41335,D,,,,,,
1022079,2017-04-24,DGX,PREVOZNIK MICHAEL E,,0001022079-17-000120,2017-04-20,S,1013,100.0,40322,D,,,,,,
1022079,2017-04-26,DGX,BRITELL JENNE K,,0001022079-17-000122,2017-04-24,S,6111,104.03,19903,I,,,,,,
1022079,2017-04-26,DGX,BRITELL JENNE K,,0001022079-17-000122,2017-04-24,M,6111,57.67,25996,I,,,,,,
1022079,2017-05-18,DGX,STANZIONE DANIEL,,0001022079-17-000139,2017-05-16,A,1573,0.0,34675,D,,,,,,
1022079,2017-05-18,DGX,RING TIMOTHY M,,0001022079-17-000138,2017-05-16,A,1573,0.0,14585,D,,,,,,
1022079,2017-05-18,DGX,PFEIFFER GARY M,,0001022079-17-000137,2017-05-16,A,1573,0.0,15534,D,,,,,,
1022079,2017-05-18,DGX,MAIN TIMOTHY L,,0001022079-17-000136,2017-05-16,A,1573,0.0,14691,D,,,,,,
1022079,2017-05-18,DGX,LEIDEN JEFFREY M,,0001022079-17-000135,2017-05-16,A,1573,0.0,7600,D,,,,,,
1022079,2017-05-18,DGX,Gregg Vicky B,,0001022079-17-000134,2017-05-16,A,1573,0.0,8525,D,,,,,,
1022079,2017-05-18,DGX,BRITELL JENNE K,,0001022079-17-000133,2017-05-16,A,1573,0.0,21476,I,,,,,,
1022079,2017-05-18,DGX,WILENSKY GAIL R,,0001022079-17-000132,2017-05-16,A,1573,0.0,24960,D,,,,,,
1022079,2017-05-23,DGX,Doherty Catherine T.,,0001022079-17-000143,2017-05-19,G,4740,0.0,69415,D,,,,,,
1022079,2017-06-21,DGX,Doherty Catherine T.,,0001022079-17-000150,2017-06-19,S,8852,107.542,120325,D,,,,,,
1022079,2017-06-21,DGX,Cohen Jon R,,0001022079-17-000151,2017-06-19,M,13680,57.605,86863,D,,,,,,
1022079,2017-06-21,DGX,Cohen Jon R,,0001022079-17-000151,2017-06-19,S,13344,107.52,166739,D,,,,,,
1022079,2017-06-21,DGX,Doherty Catherine T.,,0001022079-17-000150,2017-06-19,M,9167,57.35,78582,D,,,,,,
1022079,2017-07-31,DGX,LEIDEN JEFFREY M,,0001022079-17-000161,2017-07-27,S,1304,108.729,6296,D,,,,,,
1022079,2017-08-03,DGX,Cohen Jon R,,0001022079-17-000163,2017-08-01,G,2500,0.0,70683,D,,,,,,
1022079,2017-08-08,DGX,LEIDEN JEFFREY M,,0001022079-17-000166,2017-08-04,S,296,106.659,6000,D,,,,,,
1022079,2017-09-07,DGX,STANZIONE DANIEL,,0001022079-17-000176,2017-09-05,M,684,51.55,35359,D,,,,,,
1022079,2017-09-07,DGX,STANZIONE DANIEL,,0001022079-17-000176,2017-09-05,S,3803,108.01,34675,D,,,,,,
1022079,2017-09-07,DGX,RUSCKOWSKI STEPHEN H,,0001022079-17-000174,2017-09-05,M,2525,58.175,168413,D,,,,,,
1022079,2017-09-07,DGX,RUSCKOWSKI STEPHEN H,,0001022079-17-000174,2017-09-05,S,2525,108.027,166116,D,,,,,,
1022079,2017-09-13,DGX,STANZIONE DANIEL,,0001022079-17-000180,2017-09-11,M,7316,51.55,41991,D,,,,,,
1022079,2017-09-13,DGX,STANZIONE DANIEL,,0001022079-17-000180,2017-09-11,S,40900,108.067,34675,D,,,,,,
1022079,2017-09-13,DGX,RUSCKOWSKI STEPHEN H,,0001022079-17-000178,2017-09-11,M,53933,58.175,220049,D,,,,,,
1022079,2017-09-13,DGX,RUSCKOWSKI STEPHEN H,,0001022079-17-000178,2017-09-11,S,53933,108.164,166116,D,,,,,,
1022079,2017-09-13,DGX,RUSCKOWSKI STEPHEN H,,0001022079-17-000178,2017-09-12,M,5302,58.175,171418,D,,,,,,
1022079,2017-09-13,DGX,RUSCKOWSKI STEPHEN H,,0001022079-17-000178,2017-09-12,S,5302,108.117,166116,D,,,,,,
1022079,2017-10-17,DGX,Klug Robert A,,0001022079-17-000186,2017-10-13,F,9,91.1,4515,D,,,,,,
1022079,2018-01-04,DGX,EGLINTON MANNER CARRIE,,0001022079-18-000004,2018-01-02,F,2256,99.12,18281,D,,,,,,
1022079,2018-01-04,DGX,Davis J. E.,,0001022079-18-000005,2018-01-02,S,63880,98.675,38053,D,,,,,,
1022079,2018-01-04,DGX,Davis J. E.,,0001022079-18-000005,2018-01-02,M,63880,52.165,101423,D,,,,,,
1022079,2018-01-26,DGX,Doherty Catherine T.,,0001022079-18-000008,2018-01-24,M,21294,52.165,90709,D,,,,,,
1022079,2018-01-26,DGX,Doherty Catherine T.,,0001022079-18-000008,2018-01-24,S,21294,104.0,69415,D,,,,,,
1022079,2018-01-31,DGX,RUSCKOWSKI STEPHEN H,,0001022079-18-000011,2018-01-29,M,106840,58.175,272956,D,,,,,,
1022079,2018-01-31,DGX,RUSCKOWSKI STEPHEN H,,0001022079-18-000011,2018-01-29,S,106840,107.0,166116,D,,,,,,
1022079,2018-02-21,DGX,EGLINTON MANNER CARRIE,,0001022079-18-000016,2018-02-19,A,3380,0.0,21661,D,,,,,,
1022079,2018-02-21,DGX,Doherty Catherine T.,,0001022079-18-000018,2018-02-19,A,2897,0.0,72312,D,,,,,,
1022079,2018-02-21,DGX,RUSCKOWSKI STEPHEN H,,0001022079-18-000022,2018-02-19,A,14966,0.0,181082,D,,,,,,
1022079,2018-02-21,DGX,Cohen Jon R,,0001022079-18-000024,2018-02-19,A,2414,0.0,73097,D,,,,,,
1022079,2018-02-21,DGX,PREVOZNIK MICHAEL E,,0001022079-18-000020,2018-02-19,A,2511,0.0,42888,D,,,,,,
1022079,2018-02-21,DGX,Davis J. E.,,0001022079-18-000028,2018-02-19,A,4249,0.0,42345,D,,,,,,
1022079,2018-02-21,DGX,Klug Robert A,,0001022079-18-000030,2018-02-19,A,541,0.0,5180,D,,,,,,
1022079,2018-02-21,DGX,GUINAN MARK,,0001022079-18-000032,2018-02-19,A,4442,0.0,54359,D,,,,,,
1022079,2018-02-21,DGX,Cunningham Everett,,0001022079-18-000026,2018-02-19,A,2897,0.0,42472,D,,,,,,
1022079,2018-02-27,DGX,Doherty Catherine T.,,0001022079-18-000052,2018-02-26,S,397,102.74,70317,D,,,,,,
1022079,2018-02-27,DGX,EGLINTON MANNER CARRIE,,0001022079-18-000048,2018-02-23,F,387,102.69,21274,D,,,,,,
1022079,2018-02-27,DGX,Cunningham Everett,,0001022079-18-000049,2018-02-26,F,1212,101.43,40873,D,,,,,,
1022079,2018-02-27,DGX,Cunningham Everett,,0001022079-18-000049,2018-02-23,F,387,102.69,42085,D,,,,,,
1022079,2018-02-27,DGX,Cohen Jon R,,0001022079-18-000050,2018-02-26,F,1212,101.43,71498,D,,,,,,
1022079,2018-02-27,DGX,Cohen Jon R,,0001022079-18-000050,2018-02-23,F,387,102.69,72710,D,,,,,,
1022079,2018-02-27,DGX,Davis J. E.,,0001022079-18-000051,2018-02-26,F,1520,101.43,40171,D,,,,,,
1022079,2018-02-27,DGX,Davis J. E.,,0001022079-18-000051,2018-02-23,F,654,102.69,41691,D,,,,,,
1022079,2018-02-27,DGX,Doherty Catherine T.,,0001022079-18-000052,2018-02-26,F,1212,101.43,70714,D,,,,,,
1022079,2018-02-27,DGX,Davis J. E.,,0001022079-18-000051,2018-02-26,S,494,102.74,39677,D,,,,,,
1022079,2018-02-27,DGX,GUINAN MARK,,0001022079-18-000053,2018-02-26,F,1092,101.43,52675,D,,,,,,
1022079,2018-02-27,DGX,PREVOZNIK MICHAEL E,,0001022079-18-000056,2018-02-23,F,317,102.69,42571,D,,,,,,
1022079,2018-02-27,DGX,RUSCKOWSKI STEPHEN H,,0001022079-18-000055,2018-02-23,F,2094,102.69,178988,D,,,,,,
1022079,2018-02-27,DGX,RUSCKOWSKI STEPHEN H,,0001022079-18-000055,2018-02-26,F,5263,101.43,173725,D,,,,,,
1022079,2018-02-27,DGX,Klug Robert A,,0001022079-18-000054,2018-02-23,F,43,102.69,5137,D,,,,,,
1022079,2018-02-27,DGX,PREVOZNIK MICHAEL E,,0001022079-18-000056,2018-02-26,F,900,101.43,41671,D,,,,,,
1022079,2018-02-27,DGX,Klug Robert A,,0001022079-18-000054,2018-02-26,F,77,101.43,5060,D,,,,,,
1022079,2018-02-27,DGX,Klug Robert A,,0001022079-18-000054,2018-02-26,S,1157,103.658,3903,D,,,,,,
1022079,2018-02-27,DGX,GUINAN MARK,,0001022079-18-000053,2018-02-23,F,592,102.69,53767,D,,,,,,
1022079,2018-02-27,DGX,Doherty Catherine T.,,0001022079-18-000052,2018-02-23,F,386,102.69,71926,D,,,,,,
1022079,2018-03-01,DGX,Doherty Catherine T.,,0001022079-18-000064,2018-02-27,S,1248,104.1,68513,D,,,,,,
1022079,2018-03-01,DGX,Cunningham Everett,,0001022079-18-000060,2018-02-27,F,556,101.43,40317,D,,,,,,
1022079,2018-03-01,DGX,Davis J. E.,,0001022079-18-000062,2018-02-28,S,648,104.99,37023,D,,,,,,
1022079,2018-03-01,DGX,Davis J. E.,,0001022079-18-000062,2018-02-27,S,1150,104.1,37671,D,,,,,,
1022079,2018-03-01,DGX,Davis J. E.,,0001022079-18-000062,2018-02-27,F,856,101.43,38821,D,,,,,,
1022079,2018-03-01,DGX,Doherty Catherine T.,,0001022079-18-000064,2018-02-28,S,572,104.99,67941,D,,,,,,
1022079,2018-03-01,DGX,Cohen Jon R,,0001022079-18-000058,2018-02-27,F,556,101.43,70942,D,,,,,,
1022079,2018-03-01,DGX,Doherty Catherine T.,,0001022079-18-000064,2018-02-27,F,556,101.43,69761,D,,,,,,
1022079,2018-03-01,DGX,Klug Robert A,,0001022079-18-000068,2018-02-27,F,62,101.43,3841,D,,,,,,
1022079,2018-03-01,DGX,PREVOZNIK MICHAEL E,,0001022079-18-000070,2018-02-28,S,496,104.99,39766,D,,,,,,
1022079,2018-03-01,DGX,PREVOZNIK MICHAEL E,,0001022079-18-000070,2018-02-27,S,927,104.1,40262,D,,,,,,
1022079,2018-03-01,DGX,PREVOZNIK MICHAEL E,,0001022079-18-000070,2018-02-27,F,482,101.43,41189,D,,,,,,
1022079,2018-03-01,DGX,RUSCKOWSKI STEPHEN H,,0001022079-18-000072,2018-02-27,F,3017,101.43,170708,D,,,,,,
1022079,2018-03-01,DGX,GUINAN MARK,,0001022079-18-000066,2018-02-27,F,585,101.43,52090,D,,,,,,
1022079,2018-03-06,DGX,Cohen Jon R,,0001022079-18-000086,2018-03-02,F,5393,101.0,76498,D,,,,,,
1022079,2018-03-06,DGX,Cunningham Everett,,0001022079-18-000087,2018-03-02,D,5393,101.0,45916,D,,,,,,
1022079,2018-03-06,DGX,Cunningham Everett,,0001022079-18-000087,2018-03-02,A,10949,101.0,51266,D,,,,,,
1022079,2018-03-06,DGX,Davis J. E.,,0001022079-18-000088,2018-03-05,S,5122,101.0,37067,D,,,,,,
1022079,2018-03-06,DGX,Davis J. E.,,0001022079-18-000088,2018-03-02,F,6764,101.0,42189,D,,,,,,
1022079,2018-03-06,DGX,Doherty Catherine T.,,0001022079-18-000085,2018-03-05,S,5556,101.0,67941,D,,,,,,
1022079,2018-03-06,DGX,Doherty Catherine T.,,0001022079-18-000085,2018-03-02,F,5393,101.0,73497,D,,,,,,
1022079,2018-03-06,DGX,Doherty Catherine T.,,0001022079-18-000085,2018-03-02,A,10949,101.0,78890,D,,,,,,
1022079,2018-03-06,DGX,Klug Robert A,,0001022079-18-000089,2018-03-02,F,429,101.0,4803,D,,,,,,
1022079,2018-03-06,DGX,Davis J. E.,,0001022079-18-000088,2018-03-02,A,11886,101.0,48909,D,,,,,,
1022079,2018-03-06,DGX,RUSCKOWSKI STEPHEN H,,0001022079-18-000091,2018-03-02,F,23428,101.0,191069,D,,,,,,
1022079,2018-03-06,DGX,RUSCKOWSKI STEPHEN H,,0001022079-18-000091,2018-03-02,A,43789,101.0,214497,D,,,,,,
1022079,2018-03-06,DGX,GUINAN MARK,,0001022079-18-000094,2018-03-02,F,6471,101.0,58200,D,,,,,,
1022079,2018-03-06,DGX,GUINAN MARK,,0001022079-18-000094,2018-03-02,A,13137,101.0,64671,D,,,,,,
1022079,2018-03-06,DGX,Cohen Jon R,,0001022079-18-000086,2018-03-02,A,10949,101.0,81891,D,,,,,,
1022079,2018-03-06,DGX,Klug Robert A,,0001022079-18-000089,2018-03-02,A,1365,101.0,5206,D,,,,,,
1022079,2018-03-06,DGX,PREVOZNIK MICHAEL E,,0001022079-18-000090,2018-03-05,S,4128,101.0,39771,D,,,,,,
1022079,2018-03-06,DGX,PREVOZNIK MICHAEL E,,0001022079-18-000090,2018-03-02,F,4006,101.0,43899,D,,,,,,
1022079,2018-03-06,DGX,PREVOZNIK MICHAEL E,,0001022079-18-000090,2018-03-02,A,8134,101.0,47900,D,,,,,,
1022079,2018-03-12,DGX,Cohen Jon R,,0001022079-18-000096,2018-03-08,M,38928,66.51,115426,D,,,,,,
1022079,2018-03-12,DGX,Cohen Jon R,,0001022079-18-000096,2018-03-08,S,18037,104.085,97389,D,,,,,,
1022079,2018-05-17,DGX,RING TIMOTHY M,,0001022079-18-000121,2018-05-15,A,1644,0.0,16496,D,,,,,,
1022079,2018-05-17,DGX,BRITELL JENNE K,,0001022079-18-000111,2018-05-15,A,1644,0.0,23183,I,,,,,,
1022079,2018-05-17,DGX,Gregg Vicky B,,0001022079-18-000113,2018-05-15,A,1644,0.0,10213,D,,,,,,
1022079,2018-05-17,DGX,LEIDEN JEFFREY M,,0001022079-18-000115,2018-05-15,A,1644,0.0,7644,D,,,,,,
1022079,2018-05-17,DGX,STANZIONE DANIEL,,0001022079-18-000123,2018-05-15,A,1644,0.0,36319,D,,,,,,
1022079,2018-05-17,DGX,WILENSKY GAIL R,,0001022079-18-000125,2018-05-15,A,1644,0.0,26604,D,,,,,,
1022079,2018-05-17,DGX,Torley Helen,,0001022079-18-000127,2018-05-15,A,1644,0.0,1644,D,,,,,,
1022079,2018-05-17,DGX,PFEIFFER GARY M,,0001022079-18-000119,2018-05-15,A,1644,0.0,17462,D,,,,,,
1022079,2018-05-17,DGX,MAIN TIMOTHY L,,0001022079-18-000117,2018-05-15,A,1644,0.0,16335,D,,,,,,
1022079,2018-05-29,DGX,RUSCKOWSKI STEPHEN H,,0001022079-18-000135,2018-05-25,M,168490,56.12,359559,D,,,,,,
1022079,2018-05-29,DGX,RUSCKOWSKI STEPHEN H,,0001022079-18-000135,2018-05-25,S,168490,107.0,191069,D,,,,,,
1022079,2018-05-29,DGX,GUINAN MARK,,0001022079-18-000133,2018-05-25,M,61533,58.365,119733,D,,,,,,
1022079,2018-05-29,DGX,GUINAN MARK,,0001022079-18-000133,2018-05-25,S,36573,105.418,83160,D,,,,,,
1022079,2018-05-30,DGX,LEIDEN JEFFREY M,,0001022079-18-000137,2018-05-29,S,1644,105.61,6000,D,,,,,,
1022079,2018-06-06,DGX,BRITELL JENNE K,,0001022079-18-000141,2018-06-04,G,8704,0.0,14479,I,,,,,,
1022079,2018-07-05,DGX,Cunningham Everett,,0001022079-18-000151,2018-07-02,M,21294,52.165,67210,D,,,,,,
1022079,2018-07-05,DGX,Cunningham Everett,,0001022079-18-000151,2018-07-02,S,19798,109.642,47412,D,,,,,,
1022079,2018-07-12,DGX,Cunningham Everett,,0001022079-18-000153,2018-07-10,S,40328,112.0,38261,D,,,,,,
1022079,2018-07-12,DGX,Cunningham Everett,,0001022079-18-000153,2018-07-10,M,40328,71.17,78589,D,,,,,,
1022079,2018-07-12,DGX,PREVOZNIK MICHAEL E,,0001022079-18-000155,2018-07-10,M,30780,57.605,70551,D,,,,,,
1022079,2018-07-12,DGX,PREVOZNIK MICHAEL E,,0001022079-18-000155,2018-07-10,S,30780,113.065,39791,D,,,,,,
1022079,2018-08-21,DGX,Klug Robert A,,0001022079-18-000165,2018-08-17,F,21,0.0,4928,D,,,,,,
1022079,2018-10-16,DGX,Klug Robert A,,0001022079-18-000173,2018-10-12,F,8,100.51,4972,D,,,,,,
1022079,2019-01-03,DGX,EGLINTON MANNER CARRIE,,0001022079-19-000003,2018-12-31,F,1767,82.27,19507,D,,,,,,
1022079,2019-02-20,DGX,Davis J. E.,,0001022079-19-000020,2019-02-18,A,4964,0.0,42581,D,,,,,,
1022079,2019-02-20,DGX,Cunningham Everett,,0001022079-19-000019,2019-02-18,A,3348,0.0,42022,D,,,,,,
1022079,2019-02-20,DGX,Doherty Catherine T.,,0001022079-19-000021,2019-02-18,A,3348,0.0,71289,D,,,,,,
1022079,2019-02-20,DGX,GUINAN MARK,,0001022079-19-000022,2019-02-18,A,5195,0.0,63395,D,,,,,,
1022079,2019-02-20,DGX,EGLINTON MANNER CARRIE,,0001022079-19-000023,2019-02-18,A,4041,0.0,23548,D,,,,,,
1022079,2019-02-20,DGX,PREVOZNIK MICHAEL E,,0001022079-19-000024,2019-02-18,A,2886,0.0,42714,D,,,,,,
1022079,2019-02-20,DGX,Klug Robert A,,0001022079-19-000025,2019-02-18,A,347,0.0,5537,D,,,,,,
1022079,2019-02-20,DGX,RUSCKOWSKI STEPHEN H,,0001022079-19-000026,2019-02-18,A,17546,0.0,208615,D,,,,,,
1022079,2019-02-20,DGX,MORRISON DENISE M,,0001022079-19-000028,2019-02-18,A,484,0.0,484,D,,,,,,
1022079,2019-02-25,DGX,Davis J. E.,,0001022079-19-000036,2019-02-22,F,506,88.39,42075,D,,,,,,
1022079,2019-02-25,DGX,Doherty Catherine T.,,0001022079-19-000038,2019-02-22,F,336,88.39,70953,D,,,,,,
1022079,2019-02-25,DGX,EGLINTON MANNER CARRIE,,0001022079-19-000040,2019-02-22,F,392,88.39,23156,D,,,,,,
1022079,2019-02-25,DGX,GUINAN MARK,,0001022079-19-000042,2019-02-22,F,610,88.39,62785,D,,,,,,
1022079,2019-02-25,DGX,WILENSKY GAIL R,,0001022079-19-000050,2019-02-22,M,8000,51.55,34604,D,,,,,,
1022079,2019-02-25,DGX,RUSCKOWSKI STEPHEN H,,0001022079-19-000047,2019-02-22,F,2215,88.39,206400,D,,,,,,
1022079,2019-02-25,DGX,Klug Robert A,,0001022079-19-000048,2019-02-22,F,50,88.39,5487,D,,,,,,
1022079,2019-02-25,DGX,WILENSKY GAIL R,,0001022079-19-000050,2019-02-22,S,8000,87.777,26604,D,,,,,,
1022079,2019-02-25,DGX,Cunningham Everett,,0001022079-19-000034,2019-02-22,F,398,88.39,41624,D,,,,,,
1022079,2019-02-25,DGX,PREVOZNIK MICHAEL E,,0001022079-19-000045,2019-02-22,F,291,88.39,42423,D,,,,,,
1022079,2019-02-27,DGX,Doherty Catherine T.,,0001022079-19-000056,2019-02-25,F,363,88.24,70590,D,,,,,,
1022079,2019-02-27,DGX,Cunningham Everett,,0001022079-19-000052,2019-02-25,S,326,88.23,40867,D,,,,,,
1022079,2019-02-27,DGX,Cunningham Everett,,0001022079-19-000052,2019-02-25,F,431,88.24,41193,D,,,,,,
1022079,2019-02-27,DGX,EGLINTON MANNER CARRIE,,0001022079-19-000058,2019-02-25,F,363,88.24,22793,D,,,,,,
1022079,2019-02-27,DGX,Davis J. E.,,0001022079-19-000054,2019-02-25,F,547,88.24,41528,D,,,,,,
1022079,2019-02-27,DGX,Klug Robert A,,0001022079-19-000062,2019-02-25,F,52,88.24,5435,D,,,,,,
1022079,2019-02-27,DGX,RUSCKOWSKI STEPHEN H,,0001022079-19-000066,2019-02-25,F,2318,88.24,204082,D,,,,,,
1022079,2019-02-27,DGX,GUINAN MARK,,0001022079-19-000060,2019-02-25,F,660,88.24,62125,D,,,,,,
1022079,2019-02-27,DGX,PREVOZNIK MICHAEL E,,0001022079-19-000064,2019-02-25,S,336,88.23,41772,D,,,,,,
1022079,2019-02-27,DGX,PREVOZNIK MICHAEL E,,0001022079-19-000064,2019-02-25,F,315,88.24,42108,D,,,,,,
1022079,2019-02-28,DGX,Cunningham Everett,,0001022079-19-000068,2019-02-26,S,352,87.06,39403,D,,,,,,
1022079,2019-02-28,DGX,Cunningham Everett,,0001022079-19-000068,2019-02-26,F,1112,87.84,39755,D,,,,,,
1022079,2019-02-28,DGX,Davis J. E.,,0001022079-19-000070,2019-02-26,F,1432,87.84,40096,D,,,,,,
1022079,2019-02-28,DGX,Doherty Catherine T.,,0001022079-19-000072,2019-02-26,F,1066,87.84,69524,D,,,,,,
1022079,2019-02-28,DGX,Klug Robert A,,0001022079-19-000076,2019-02-26,F,142,87.84,5293,D,,,,,,
1022079,2019-02-28,DGX,GUINAN MARK,,0001022079-19-000074,2019-02-26,F,1556,87.84,60569,D,,,,,,
1022079,2019-02-28,DGX,PREVOZNIK MICHAEL E,,0001022079-19-000078,2019-02-27,S,1048,86.51,39453,D,,,,,,
1022079,2019-02-28,DGX,PREVOZNIK MICHAEL E,,0001022079-19-000078,2019-02-26,S,364,87.06,40501,D,,,,,,
1022079,2019-02-28,DGX,PREVOZNIK MICHAEL E,,0001022079-19-000078,2019-02-26,F,907,87.84,40865,D,,,,,,
1022079,2019-02-28,DGX,RUSCKOWSKI STEPHEN H,,0001022079-19-000080,2019-02-26,F,6676,87.84,197406,D,,,,,,
1022079,2019-02-28,DGX,Cunningham Everett,,0001022079-19-000068,2019-02-27,S,1144,86.51,38259,D,,,,,,
1022079,2019-03-05,DGX,Davis J. E.,,0001022079-19-000089,2019-03-01,A,10225,86.86,50321,D,,,,,,
1022079,2019-03-05,DGX,Doherty Catherine T.,,0001022079-19-000090,2019-03-01,F,3777,86.86,73416,D,,,,,,
1022079,2019-03-05,DGX,Doherty Catherine T.,,0001022079-19-000090,2019-03-01,A,7669,86.86,77193,D,,,,,,
1022079,2019-03-05,DGX,GUINAN MARK,,0001022079-19-000091,2019-03-01,F,5288,86.86,66017,D,,,,,,
1022079,2019-03-05,DGX,GUINAN MARK,,0001022079-19-000091,2019-03-01,A,10736,86.86,71305,D,,,,,,
1022079,2019-03-05,DGX,Cunningham Everett,,0001022079-19-000088,2019-03-01,F,3777,86.86,42151,D,,,,,,
1022079,2019-03-05,DGX,RUSCKOWSKI STEPHEN H,,0001022079-19-000094,2019-03-01,A,38341,86.86,235747,D,,,,,,
1022079,2019-03-05,DGX,Cunningham Everett,,0001022079-19-000088,2019-03-01,A,7669,86.86,45928,D,,,,,,
1022079,2019-03-05,DGX,Klug Robert A,,0001022079-19-000092,2019-03-01,F,420,86.86,6261,D,,,,,,
1022079,2019-03-05,DGX,Klug Robert A,,0001022079-19-000092,2019-03-01,A,1355,86.86,6648,D,,,,,,
1022079,2019-03-05,DGX,PREVOZNIK MICHAEL E,,0001022079-19-000093,2019-03-04,S,3373,86.81,39458,D,,,,,,
1022079,2019-03-05,DGX,PREVOZNIK MICHAEL E,,0001022079-19-000093,2019-03-01,F,3274,86.86,42826,D,,,,,,
1022079,2019-03-05,DGX,PREVOZNIK MICHAEL E,,0001022079-19-000093,2019-03-01,A,6647,86.86,46100,D,,,,,,
1022079,2019-03-05,DGX,RUSCKOWSKI STEPHEN H,,0001022079-19-000094,2019-03-01,F,22698,86.86,213049,D,,,,,,
1022079,2019-03-05,DGX,Davis J. E.,,0001022079-19-000089,2019-03-01,F,5839,86.86,44534,D,,,,,,
1022079,2019-03-05,DGX,Cunningham Everett,,0001022079-19-000088,2019-03-04,S,3892,86.81,38311,D,,,,,,
1022079,2019-03-25,DGX,Cunningham Everett,,0001022079-19-000096,2018-03-01,G,491,104.775,37760,D,,,,,,
1022079,2019-04-08,DGX,Doherty Catherine T.,,0001022079-19-000106,2019-04-04,M,60492,71.17,133908,D,,,,,,
1022079,2019-04-08,DGX,Doherty Catherine T.,,0001022079-19-000106,2019-04-04,S,60492,90.593,73416,D,,,,,,
1022079,2019-04-10,DGX,Davis J. E.,,0001022079-19-000108,2019-04-08,S,5900,90.145,38634,D,,,,,,
1022079,2019-04-26,DGX,Davis J. E.,,0001022079-19-000120,2019-04-24,M,47574,60.675,84108,D,,,,,,
1022079,2019-04-26,DGX,Davis J. E.,,0001022079-19-000120,2019-04-24,S,47574,95.0,36534,D,,,,,,
1022079,2019-05-15,DGX,DEPPE MICHAEL J,,0001022079-19-000124,2019-05-13,A,52,0.0,23671,D,,,,,,
1022079,2019-05-16,DGX,PFEIFFER GARY M,,0001022079-19-000140,2019-05-14,A,1722,0.0,19563,D,,,,,,
1022079,2019-05-16,DGX,Torley Helen,,0001022079-19-000139,2019-05-14,A,1722,0.0,3366,D,,,,,,
1022079,2019-05-16,DGX,MAIN TIMOTHY L,,0001022079-19-000138,2019-05-14,A,1722,0.0,18057,D,,,,,,
1022079,2019-05-16,DGX,WILENSKY GAIL R,,0001022079-19-000137,2019-05-14,A,1722,0.0,14951,D,,,,,,
1022079,2019-05-16,DGX,STANZIONE DANIEL,,0001022079-19-000136,2019-05-14,A,1722,0.0,38041,D,,,,,,
1022079,2019-05-16,DGX,Gregg Vicky B,,0001022079-19-000135,2019-05-14,A,1722,0.0,12125,D,,,,,,
1022079,2019-05-16,DGX,MORRISON DENISE M,,0001022079-19-000134,2019-05-14,A,1722,0.0,2212,D,,,,,,
1022079,2019-05-16,DGX,RING TIMOTHY M,,0001022079-19-000133,2019-05-14,A,1722,0.0,18576,D,,,,,,
1022079,2019-06-17,DGX,GUINAN MARK,,0001022079-19-000147,2019-06-13,S,73005,100.0,66017,D,,,,,,
1022079,2019-06-17,DGX,GUINAN MARK,,0001022079-19-000147,2019-06-13,M,73005,52.165,139022,D,,,,,,
1022079,2019-06-17,DGX,RUSCKOWSKI STEPHEN H,,0001022079-19-000149,2019-06-13,S,244565,100.0,213049,D,,,,,,
1022079,2019-06-17,DGX,RUSCKOWSKI STEPHEN H,,0001022079-19-000149,2019-06-13,M,244565,52.165,457614,D,,,,,,
1022079,2019-09-19,DGX,DEPPE MICHAEL J,,0001022079-19-000168,2019-09-17,M,5000,55.65,28671,D,,,,,,
1022079,2019-09-19,DGX,DEPPE MICHAEL J,,0001022079-19-000168,2019-09-17,S,5000,106.0,23732,D,,,,,,
1022079,2019-11-27,DGX,WILENSKY GAIL R,,0001022079-19-000192,2019-11-26,M,8000,55.76,22951,D,,,,,,
1022079,2019-11-27,DGX,WILENSKY GAIL R,,0001022079-19-000192,2019-11-26,S,8000,107.169,14951,D,,,,,,
1022079,2019-12-04,DGX,PREVOZNIK MICHAEL E,,0001022079-19-000194,2019-11-27,M,11863,52.165,51321,D,,,,,,
1022079,2019-12-04,DGX,PREVOZNIK MICHAEL E,,0001022079-19-000194,2019-11-27,S,11863,107.148,72151,D,,,,,,
1022079,2020-01-03,DGX,Davis J. E.,,0001022079-20-000002,2020-01-02,M,65681,71.17,102215,D,,,,,,
1022079,2020-01-03,DGX,Davis J. E.,,0001022079-20-000002,2020-01-02,S,58258,105.458,121822,D,,,,,,
1022079,2020-01-06,DGX,EGLINTON MANNER CARRIE,,0001022079-20-000006,2020-01-02,F,1543,106.52,21250,D,,,,,,
1022079,2020-02-10,DGX,PREVOZNIK MICHAEL E,,0001022079-20-000013,2020-02-07,G,480,0.0,38978,D,,,,,,
1022079,2020-02-20,DGX,Doherty Catherine T.,,0001022079-20-000027,2020-02-18,A,4012,0.0,71538,D,,,,,,
1022079,2020-02-20,DGX,EGLINTON MANNER CARRIE,,0001022079-20-000026,2020-02-18,A,5350,0.0,26600,D,,,,,,
1022079,2020-02-20,DGX,GUINAN MARK,,0001022079-20-000028,2020-02-18,A,6152,0.0,72169,D,,,,,,
1022079,2020-02-20,DGX,Mendez Manuel O.,,0001022079-20-000029,2020-02-18,A,5350,0.0,29976,D,,,,,,
1022079,2020-02-20,DGX,RUSCKOWSKI STEPHEN H,,0001022079-20-000032,2020-02-18,A,22288,0.0,235337,D,,,,,,
1022079,2020-02-20,DGX,PREVOZNIK MICHAEL E,,0001022079-20-000031,2020-02-18,A,3477,0.0,42455,D,,,,,,
1022079,2020-02-20,DGX,DEPPE MICHAEL J,,0001022079-20-000033,2020-02-18,A,776,0.0,24619,D,,,,,,
1022079,2020-02-20,DGX,Davis J. E.,,0001022079-20-000030,2020-02-18,A,6152,0.0,42695,D,,,,,,
1022079,2020-02-26,DGX,Mendez Manuel O.,,0001022079-20-000043,2020-02-24,F,123,112.17,29853,D,,,,,,
1022079,2020-02-26,DGX,Doherty Catherine T.,,0001022079-20-000044,2020-02-25,F,356,113.34,70345,D,,,,,,
1022079,2020-02-26,DGX,Doherty Catherine T.,,0001022079-20-000044,2020-02-25,S,405,112.73,70701,D,,,,,,
1022079,2020-02-26,DGX,Doherty Catherine T.,,0001022079-20-000044,2020-02-24,F,432,112.17,71106,D,,,,,,
1022079,2020-02-26,DGX,RUSCKOWSKI STEPHEN H,,0001022079-20-000045,2020-02-25,F,2074,113.34,230859,D,,,,,,
1022079,2020-02-26,DGX,EGLINTON MANNER CARRIE,,0001022079-20-000046,2020-02-24,F,515,112.17,26085,D,,,,,,
1022079,2020-02-26,DGX,RUSCKOWSKI STEPHEN H,,0001022079-20-000045,2020-02-24,F,2404,112.17,232933,D,,,,,,
1022079,2020-02-26,DGX,GUINAN MARK,,0001022079-20-000042,2020-02-24,F,653,112.17,71516,D,,,,,,
1022079,2020-02-26,DGX,DEPPE MICHAEL J,,0001022079-20-000049,2020-02-24,F,56,112.17,24563,D,,,,,,
1022079,2020-02-26,DGX,PREVOZNIK MICHAEL E,,0001022079-20-000047,2020-02-25,F,307,113.34,41766,D,,,,,,
1022079,2020-02-26,DGX,GUINAN MARK,,0001022079-20-000042,2020-02-25,F,565,113.34,70951,D,,,,,,
1022079,2020-02-26,DGX,EGLINTON MANNER CARRIE,,0001022079-20-000046,2020-02-25,F,423,113.34,25662,D,,,,,,
1022079,2020-02-26,DGX,PREVOZNIK MICHAEL E,,0001022079-20-000047,2020-02-24,F,382,112.17,42073,D,,,,,,
1022079,2020-02-26,DGX,Davis J. E.,,0001022079-20-000048,2020-02-25,F,552,113.34,40902,D,,,,,,
1022079,2020-02-26,DGX,Davis J. E.,,0001022079-20-000048,2020-02-25,S,598,112.73,41454,D,,,,,,
1022079,2020-02-26,DGX,Davis J. E.,,0001022079-20-000048,2020-02-24,F,643,112.17,42052,D,,,,,,
1022079,2020-02-26,DGX,DEPPE MICHAEL J,,0001022079-20-000049,2020-02-25,F,49,113.34,24514,D,,,,,,
1022079,2020-02-27,DGX,GUINAN MARK,,0001022079-20-000057,2020-02-26,F,1195,112.9,69756,D,,,,,,
1022079,2020-02-27,DGX,RUSCKOWSKI STEPHEN H,,0001022079-20-000056,2020-02-26,F,4299,112.9,226560,D,,,,,,
1022079,2020-02-27,DGX,EGLINTON MANNER CARRIE,,0001022079-20-000053,2020-02-26,F,773,112.9,24889,D,,,,,,
1022079,2020-02-27,DGX,DEPPE MICHAEL J,,0001022079-20-000051,2020-02-26,F,98,112.9,24416,D,,,,,,
1022079,2020-02-28,DGX,Davis J. E.,,0001022079-20-000059,2020-02-26,F,1187,112.9,39205,D,,,,,,
1022079,2020-02-28,DGX,Davis J. E.,,0001022079-20-000059,2020-02-26,S,510,111.09,40392,D,,,,,,
1022079,2020-02-28,DGX,Davis J. E.,,0001022079-20-000059,2020-02-27,S,1100,109.02,38105,D,,,,,,
1022079,2020-02-28,DGX,Doherty Catherine T.,,0001022079-20-000061,2020-02-27,S,789,109.02,68411,D,,,,,,
1022079,2020-02-28,DGX,Doherty Catherine T.,,0001022079-20-000061,2020-02-26,F,777,112.9,69200,D,,,,,,
1022079,2020-02-28,DGX,Doherty Catherine T.,,0001022079-20-000061,2020-02-26,S,368,111.09,69977,D,,,,,,
1022079,2020-02-28,DGX,PREVOZNIK MICHAEL E,,0001022079-20-000063,2020-02-26,F,668,112.9,40777,D,,,,,,
1022079,2020-02-28,DGX,PREVOZNIK MICHAEL E,,0001022079-20-000063,2020-02-26,S,321,111.09,41445,D,,,,,,
1022079,2020-02-28,DGX,PREVOZNIK MICHAEL E,,0001022079-20-000063,2020-02-27,S,690,109.02,40087,D,,,,,,
1022079,2020-03-10,DGX,RUSCKOWSKI STEPHEN H,,0001022079-20-000065,2020-03-06,M,230178,71.17,456738,D,,,,,,
1022079,2020-03-10,DGX,RUSCKOWSKI STEPHEN H,,0001022079-20-000065,2020-03-06,S,171025,112.207,285713,D,,,,,,
1022079,2020-03-12,DGX,EGLINTON MANNER CARRIE,,0001022079-20-000067,2020-03-10,F,2517,106.46,27390,D,,,,,,
1022079,2020-03-12,DGX,EGLINTON MANNER CARRIE,,0001022079-20-000067,2020-03-10,A,5018,106.46,29907,D,,,,,,
1022079,2020-03-12,DGX,DEPPE MICHAEL J,,0001022079-20-000069,2020-03-10,F,277,106.46,24977,D,,,,,,
1022079,2020-03-12,DGX,DEPPE MICHAEL J,,0001022079-20-000069,2020-03-10,A,837,106.46,25253,D,,,,,,
1022079,2020-03-12,DGX,RUSCKOWSKI STEPHEN H,,0001022079-20-000071,2020-03-10,S,100,112.19,237747,D,,,,,,
1022079,2020-03-12,DGX,RUSCKOWSKI STEPHEN H,,0001022079-20-000071,2020-03-10,M,100,71.17,237847,D,,,,,,
1022079,2020-03-12,DGX,RUSCKOWSKI STEPHEN H,,0001022079-20-000071,2020-03-10,F,13898,106.46,237747,D,,,,,,
1022079,2020-03-12,DGX,RUSCKOWSKI STEPHEN H,,0001022079-20-000071,2020-03-10,A,25085,106.46,251645,D,,,,,,
1022079,2020-03-12,DGX,Doherty Catherine T.,,0001022079-20-000073,2020-03-11,S,2501,104.25,68411,D,,,,,,
1022079,2020-03-12,DGX,Doherty Catherine T.,,0001022079-20-000073,2020-03-10,F,2517,106.46,70912,D,,,,,,
1022079,2020-03-12,DGX,Doherty Catherine T.,,0001022079-20-000073,2020-03-10,A,5018,106.46,73429,D,,,,,,
1022079,2020-03-12,DGX,GUINAN MARK,,0001022079-20-000075,2020-03-10,F,3870,106.46,73579,D,,,,,,
1022079,2020-03-12,DGX,GUINAN MARK,,0001022079-20-000075,2020-03-10,A,7693,106.46,77449,D,,,,,,
1022079,2020-03-12,DGX,PREVOZNIK MICHAEL E,,0001022079-20-000077,2020-03-11,S,2175,104.25,40087,D,,,,,,
1022079,2020-03-12,DGX,PREVOZNIK MICHAEL E,,0001022079-20-000077,2020-03-10,F,2174,106.46,42262,D,,,,,,
1022079,2020-03-12,DGX,PREVOZNIK MICHAEL E,,0001022079-20-000077,2020-03-10,A,4349,106.46,44436,D,,,,,,
1022079,2020-03-12,DGX,Davis J. E.,,0001022079-20-000079,2020-03-10,F,3846,106.46,41599,D,,,,,,
1022079,2020-03-12,DGX,Davis J. E.,,0001022079-20-000079,2020-03-10,A,7359,106.46,45445,D,,,,,,
1022079,2020-03-16,DGX,Lassiter Wright III,,0001022079-20-000087,2020-03-12,A,351,0.0,351,D,,,,,,
1022079,2020-03-17,DGX,Davis J. E.,,0001022079-20-000089,2020-03-16,S,200,85.59,41399,D,,,,,,
1022079,2020-04-28,DGX,RUSCKOWSKI STEPHEN H,,0001022079-20-000103,2020-04-27,M,11717,71.17,249464,D,,,,,,
1022079,2020-04-28,DGX,RUSCKOWSKI STEPHEN H,,0001022079-20-000103,2020-04-27,S,11717,112.011,237747,D,,,,,,
1022079,2020-04-28,DGX,EGLINTON MANNER CARRIE,,0001022079-20-000101,2020-04-27,S,2500,112.03,24890,D,,,,,,
1022079,2020-05-20,DGX,DEPPE MICHAEL J,,0001022079-20-000109,2020-05-18,F,5,107.42,25035,D,,,,,,
1022079,2020-05-21,DGX,Lassiter Wright III,,0001022079-20-000129,2020-05-19,A,1531,0.0,1882,D,,,,,,
1022079,2020-05-21,DGX,WILENSKY GAIL R,,0001022079-20-000128,2020-05-19,A,1531,0.0,16482,D,,,,,,
1022079,2020-05-21,DGX,STANZIONE DANIEL,,0001022079-20-000127,2020-05-19,A,1531,0.0,39572,D,,,,,,
1022079,2020-05-21,DGX,RING TIMOTHY M,,0001022079-20-000126,2020-05-19,A,1531,0.0,20505,D,,,,,,
1022079,2020-05-21,DGX,PFEIFFER GARY M,,0001022079-20-000125,2020-05-19,A,1531,0.0,21513,D,,,,,,
1022079,2020-05-21,DGX,MAIN TIMOTHY L,,0001022079-20-000124,2020-05-19,A,1531,0.0,19588,D,,,,,,
1022079,2020-05-21,DGX,Torley Helen,,0001022079-20-000123,2020-05-19,A,1531,0.0,4897,D,,,,,,
1022079,2020-05-21,DGX,Gregg Vicky B,,0001022079-20-000122,2020-05-19,A,1531,0.0,13844,D,,,,,,
1022079,2020-05-21,DGX,MORRISON DENISE M,,0001022079-20-000121,2020-05-19,A,1531,0.0,3783,D,,,,,,
1022079,2020-06-10,DGX,GUINAN MARK,,0001022079-20-000136,2020-06-08,M,72596,71.17,146175,D,,,,,,
1022079,2020-06-10,DGX,GUINAN MARK,,0001022079-20-000136,2020-06-08,S,45826,116.811,100349,D,,,,,,
1022079,2020-06-10,DGX,RING TIMOTHY M,,0001022079-20-000135,2020-06-08,M,2547,57.74,23052,D,,,,,,
1022079,2020-06-10,DGX,RING TIMOTHY M,,0001022079-20-000135,2020-06-08,S,11730,116.6,20505,D,,,,,,
1022079,2020-09-04,DGX,Doherty Catherine T.,,0001022079-20-000164,2020-09-02,M,58392,66.51,126803,D,,,,,,
1022079,2020-09-04,DGX,Doherty Catherine T.,,0001022079-20-000164,2020-09-02,S,54616,110.567,72187,D,,,,,,
1022079,2020-10-07,DGX,Mendez Manuel O.,,0001022079-20-000171,2020-10-06,F,5871,114.01,23982,D,,,,,,
1022079,2020-10-15,DGX,PREVOZNIK MICHAEL E,,0001022079-20-000173,2020-10-14,M,35591,52.165,75678,D,,,,,,
1022079,2020-10-15,DGX,PREVOZNIK MICHAEL E,,0001022079-20-000173,2020-10-14,S,35591,119.0,40087,D,,,,,,
1022079,2020-10-19,DGX,RUSCKOWSKI STEPHEN H,,0001022079-20-000175,2020-10-16,M,291997,66.51,529744,D,,,,,,
1022079,2020-10-19,DGX,RUSCKOWSKI STEPHEN H,,0001022079-20-000175,2020-10-16,S,291997,120.0,237747,D,,,,,,
1022079,2020-10-23,DGX,DEPPE MICHAEL J,,0001022079-20-000186,2020-10-21,M,4750,56.82,29785,D,,,,,,
1022079,2020-10-23,DGX,DEPPE MICHAEL J,,0001022079-20-000186,2020-10-21,S,5700,125.0,29785,D,,,,,,
1022079,2020-11-24,DGX,STANZIONE DANIEL,,0001022079-20-000192,2020-11-23,S,5621,125.7317,33951,D,,,,,,
1022079,2020-11-27,DGX,WILENSKY GAIL R,,0001022079-20-000194,2020-11-24,M,6111,57.665,22593,D,,,,,,
1022079,2020-11-27,DGX,WILENSKY GAIL R,,0001022079-20-000194,2020-11-24,S,6111,126.022,16482,D,,,,,,
1022079,2020-12-28,DGX,GUINAN MARK,,0001022079-20-000200,2020-12-24,M,81756,66.51,155335,D,,,,,,
1022079,2020-12-28,DGX,GUINAN MARK,,0001022079-20-000200,2020-12-24,S,59193,120.057,96142,D,,,,,,
1022079,2021-01-07,DGX,EGLINTON MANNER CARRIE,,0001022079-21-000002,2021-01-04,F,2640,119.0,19896,D,,,,,,
1022079,2021-02-19,DGX,GUINAN MARK,,0001022079-21-000019,2021-02-17,A,5665,0.0,79244,D,,,,,,
1022079,2021-02-19,DGX,RUSCKOWSKI STEPHEN H,,0001022079-21-000025,2021-02-17,A,21551,0.0,259298,D,,,,,,
1022079,2021-02-19,DGX,Doherty Catherine T.,,0001022079-21-000017,2021-02-17,A,3941,0.0,72352,D,,,,,,
1022079,2021-02-19,DGX,Davis J. E.,,0001022079-21-000015,2021-02-17,A,5665,0.0,43751,D,,,,,,
1022079,2021-02-19,DGX,DEPPE MICHAEL J,,0001022079-21-000021,2021-02-17,A,715,0.0,25863,D,,,,,,
1022079,2021-02-19,DGX,EGLINTON MANNER CARRIE,,0001022079-21-000013,2021-02-17,A,4926,0.0,24841,D,,,,,,
1022079,2021-02-19,DGX,PREVOZNIK MICHAEL E,,0001022079-21-000023,2021-02-17,A,3202,0.0,43289,D,,,,,,
1022079,2021-02-22,DGX,Mendez Manuel O.,,0001022079-21-000030,2021-02-17,A,4926,0.0,29045,D,,,,,,
1022079,2021-02-25,DGX,PREVOZNIK MICHAEL E,,0001022079-21-000043,2021-02-24,S,438,116.95,41703,D,,,,,,
1022079,2021-02-25,DGX,EGLINTON MANNER CARRIE,,0001022079-21-000041,2021-02-23,F,1017,121.15,23824,D,,,,,,
1022079,2021-02-25,DGX,Doherty Catherine T.,,0001022079-21-000038,2021-02-24,F,524,121.19,71032,D,,,,,,
1022079,2021-02-25,DGX,Doherty Catherine T.,,0001022079-21-000038,2021-02-23,F,796,121.15,71556,D,,,,,,
1022079,2021-02-25,DGX,RUSCKOWSKI STEPHEN H,,0001022079-21-000039,2021-02-24,F,3319,121.19,251946,D,,,,,,
1022079,2021-02-25,DGX,EGLINTON MANNER CARRIE,,0001022079-21-000041,2021-02-24,F,611,121.19,23213,D,,,,,,
1022079,2021-02-25,DGX,PREVOZNIK MICHAEL E,,0001022079-21-000043,2021-02-24,F,455,121.19,42141,D,,,,,,
1022079,2021-02-25,DGX,RUSCKOWSKI STEPHEN H,,0001022079-21-000039,2021-02-23,F,4033,121.15,255265,D,,,,,,
1022079,2021-02-25,DGX,DEPPE MICHAEL J,,0001022079-21-000042,2021-02-23,F,159,121.15,25704,D,,,,,,
1022079,2021-02-25,DGX,PREVOZNIK MICHAEL E,,0001022079-21-000043,2021-02-23,F,693,121.15,42596,D,,,,,,
1022079,2021-02-25,DGX,Davis J. E.,,0001022079-21-000044,2021-02-24,F,806,121.19,41695,D,,,,,,
1022079,2021-02-25,DGX,Davis J. E.,,0001022079-21-000044,2021-02-23,F,1250,121.15,42501,D,,,,,,
1022079,2021-02-25,DGX,DEPPE MICHAEL J,,0001022079-21-000042,2021-02-24,F,103,121.19,25601,D,,,,,,
1022079,2021-02-25,DGX,GUINAN MARK,,0001022079-21-000040,2021-02-23,F,830,121.15,78414,D,,,,,,
1022079,2021-02-25,DGX,GUINAN MARK,,0001022079-21-000040,2021-02-24,F,541,121.19,77873,D,,,,,,
1022079,2021-03-01,DGX,PREVOZNIK MICHAEL E,,0001022079-21-000046,2021-02-25,S,801,115.49,40152,D,,,,,,
1022079,2021-03-11,DGX,PREVOZNIK MICHAEL E,,0001022079-21-000058,2021-03-09,A,9791,115.42,49943,D,,,,,,
1022079,2021-03-11,DGX,Doherty Catherine T.,,0001022079-21-000052,2021-03-09,A,11299,115.42,82331,D,,,,,,
1022079,2021-03-11,DGX,DEPPE MICHAEL J,,0001022079-21-000056,2021-03-09,F,684,115.42,26802,D,,,,,,
1022079,2021-03-11,DGX,EGLINTON MANNER CARRIE,,0001022079-21-000048,2021-03-09,A,13181,115.42,36394,D,,,,,,
1022079,2021-03-11,DGX,PREVOZNIK MICHAEL E,,0001022079-21-000058,2021-03-09,F,4217,115.42,45726,D,,,,,,
1022079,2021-03-11,DGX,PREVOZNIK MICHAEL E,,0001022079-21-000058,2021-03-10,S,5574,120.47,40152,D,,,,,,
1022079,2021-03-11,DGX,DEPPE MICHAEL J,,0001022079-21-000056,2021-03-09,A,1884,115.42,27485,D,,,,,,
1022079,2021-03-11,DGX,RUSCKOWSKI STEPHEN H,,0001022079-21-000060,2021-03-09,A,58368,115.42,310314,D,,,,,,
1022079,2021-03-11,DGX,Davis J. E.,,0001022079-21-000050,2021-03-09,F,8334,115.42,49931,D,,,,,,
1022079,2021-03-11,DGX,Doherty Catherine T.,,0001022079-21-000052,2021-03-09,F,5066,115.42,77265,D,,,,,,
1022079,2021-03-11,DGX,Davis J. E.,,0001022079-21-000050,2021-03-09,A,16570,115.42,58265,D,,,,,,
1022079,2021-03-11,DGX,EGLINTON MANNER CARRIE,,0001022079-21-000048,2021-03-09,F,6165,115.42,30250,D,,,,,,
1022079,2021-03-11,DGX,GUINAN MARK,,0001022079-21-000054,2021-03-09,A,17322,115.42,95195,D,,,,,,
1022079,2021-03-11,DGX,GUINAN MARK,,0001022079-21-000054,2021-03-09,F,6403,115.42,88792,D,,,,,,
1022079,2021-03-11,DGX,RUSCKOWSKI STEPHEN H,,0001022079-21-000060,2021-03-09,F,25887,115.42,284427,D,,,,,,
1022079,2021-05-07,DGX,PREVOZNIK MICHAEL E,,0001022079-21-000075,2021-05-05,M,44939,71.17,85091,D,,,,,,
1022079,2021-05-07,DGX,PREVOZNIK MICHAEL E,,0001022079-21-000075,2021-05-05,S,44939,137.0,40152,D,,,,,,
1022079,2021-05-11,DGX,Doherty Catherine T.,,0001022079-21-000077,2021-05-07,S,8536,139.963,68729,D,,,,,,
1022079,2021-05-20,DGX,DEPPE MICHAEL J,,0001022079-21-000079,2021-05-18,F,5,136.6,26859,D,,,,,,
1022079,2021-05-25,DGX,Torley Helen,,0001022079-21-000091,2021-05-25,A,1363,0.0,6260,D,,,,,,
1022079,2021-05-25,DGX,PFEIFFER GARY M,,0001022079-21-000096,2021-05-25,A,1363,0.0,23265,D,,,,,,
1022079,2021-05-25,DGX,MORRISON DENISE M,,0001022079-21-000089,2021-05-25,A,1363,0.0,5206,D,,,,,,
1022079,2021-05-25,DGX,MAIN TIMOTHY L,,0001022079-21-000092,2021-05-25,A,1363,0.0,20951,D,,,,,,
1022079,2021-05-25,DGX,WILENSKY GAIL R,,0001022079-21-000094,2021-05-25,A,1363,0.0,17845,D,,,,,,
1022079,2021-05-25,DGX,Gregg Vicky B,,0001022079-21-000090,2021-05-21,A,1363,0.0,15400,D,,,,,,
1022079,2021-05-25,DGX,Lassiter Wright III,,0001022079-21-000093,2021-05-25,A,1363,0.0,3281,D,,,,,,
1022079,2021-05-25,DGX,RING TIMOTHY M,,0001022079-21-000095,2021-05-25,A,1363,0.0,22234,D,,,,,,
1022079,2021-07-28,DGX,RUSCKOWSKI STEPHEN H,,0001022079-21-000115,2021-07-27,M,32788,95.795,317215,D,,,,,,
1022079,2021-07-28,DGX,RUSCKOWSKI STEPHEN H,,0001022079-21-000115,2021-07-27,S,32788,140.007,284427,D,,,,,,
1022079,2021-07-28,DGX,WILENSKY GAIL R,,0001022079-21-000113,2021-07-27,M,6111,57.565,23956,D,,,,,,
1022079,2021-07-28,DGX,WILENSKY GAIL R,,0001022079-21-000113,2021-07-27,S,6111,139.323,17845,D,,,,,,
1022079,2021-07-28,DGX,RUSCKOWSKI STEPHEN H,,0001022079-21-000115,2021-07-26,M,5813,95.795,290240,D,,,,,,
1022079,2021-07-28,DGX,RUSCKOWSKI STEPHEN H,,0001022079-21-000115,2021-07-26,S,5813,140.03,284427,D,,,,,,
1022079,2021-07-30,DGX,RUSCKOWSKI STEPHEN H,,0001022079-21-000117,2021-07-29,M,5300,95.795,289727,D,,,,,,
1022079,2021-07-30,DGX,RUSCKOWSKI STEPHEN H,,0001022079-21-000117,2021-07-29,S,5300,140.591,284427,D,,,,,,
1022079,2021-07-30,DGX,RUSCKOWSKI STEPHEN H,,0001022079-21-000117,2021-07-28,S,139751,140.141,284427,D,,,,,,
1022079,2021-07-30,DGX,RUSCKOWSKI STEPHEN H,,0001022079-21-000117,2021-07-28,M,139751,95.795,424178,D,,,,,,
1022079,2021-08-17,DGX,Doi Tracey,,0001022079-21-000124,2021-08-16,A,905,0.0,905,D,,,,,,
1022079,2021-12-01,DGX,Doherty Catherine T.,,0001022079-21-000146,2021-11-29,M,37565,95.795,106294,D,,,,,,
1022079,2021-12-01,DGX,Doherty Catherine T.,,0001022079-21-000146,2021-11-29,S,300,153.383,105994,D,,,,,,
1022079,2022-02-25,DGX,DEPPE MICHAEL J,,0001022079-22-000019,2022-02-23,F,219,130.09,26640,D,,,,,,
1022079,2022-02-25,DGX,GUINAN MARK,,0001022079-22-000017,2022-02-23,F,1673,130.09,87119,D,,,,,,
1022079,2022-02-25,DGX,Doherty Catherine T.,,0001022079-22-000015,2022-02-23,F,1082,130.09,67647,D,,,,,,
1022079,2022-02-25,DGX,Davis J. E.,,0001022079-22-000013,2022-02-23,F,1712,130.09,48219,D,,,,,,
1022079,2022-02-25,DGX,EGLINTON MANNER CARRIE,,0001022079-22-000011,2022-02-23,F,1368,130.09,28882,D,,,,,,
1022079,2022-02-25,DGX,RUSCKOWSKI STEPHEN H,,0001022079-22-000023,2022-02-23,F,7463,130.09,276964,D,,,,,,
1022079,2022-02-25,DGX,PREVOZNIK MICHAEL E,,0001022079-22-000021,2022-02-23,F,933,130.09,39219,D,,,,,,
1022079,2022-02-28,DGX,DEPPE MICHAEL J,,0001022079-22-000035,2022-02-24,A,549,0.0,27276,D,,,,,,
1022079,2022-02-28,DGX,Davis J. E.,,0001022079-22-000037,2022-02-24,A,9787,0.0,57282,D,,,,,,
1022079,2022-02-28,DGX,PREVOZNIK MICHAEL E,,0001022079-22-000031,2022-02-24,A,2741,0.0,39885,D,,,,,,
1022079,2022-02-28,DGX,EGLINTON MANNER CARRIE,,0001022079-22-000029,2022-02-24,A,3915,0.0,32346,D,,,,,,
1022079,2022-02-28,DGX,Doherty Catherine T.,,0001022079-22-000039,2022-02-24,S,2750,126.26,64405,D,,,,,,
1022079,2022-02-28,DGX,GUINAN MARK,,0001022079-22-000033,2022-02-24,A,2251,0.0,88676,D,,,,,,
1022079,2022-02-28,DGX,RUSCKOWSKI STEPHEN H,,0001022079-22-000041,2022-02-24,A,22510,0.0,297219,D,,,,,,
1022079,2022-02-28,DGX,Doherty Catherine T.,,0001022079-22-000039,2022-02-24,A,3328,0.0,67733,D,,,,,,
1022079,2022-02-28,DGX,PREVOZNIK MICHAEL E,,0001022079-22-000031,2022-02-24,S,1669,126.26,37144,D,,,,,,
1022079,2022-03-02,DGX,PREVOZNIK MICHAEL E,,0001022079-22-000050,2022-02-28,S,661,130.0,39224,D,,,,,,
1022079,2022-03-09,DGX,EGLINTON MANNER CARRIE,,0001022079-22-000056,2022-03-07,A,16162,130.09,56338,D,,,,,,
1022079,2022-03-09,DGX,PREVOZNIK MICHAEL E,,0001022079-22-000060,2022-03-07,A,11544,130.09,50768,D,,,,,,
1022079,2022-03-09,DGX,RUSCKOWSKI STEPHEN H,,0001022079-22-000062,2022-03-07,A,70184,130.09,367403,D,,,,,,
1022079,2022-03-09,DGX,Doherty Catherine T.,,0001022079-22-000054,2022-03-07,F,6360,130.09,74765,D,,,,,,
1022079,2022-03-09,DGX,EGLINTON MANNER CARRIE,,0001022079-22-000056,2022-03-07,F,7947,130.09,48391,D,,,,,,
1022079,2022-03-09,DGX,Davis J. E.,,0001022079-22-000052,2022-03-07,A,19856,130.09,77138,D,,,,,,
1022079,2022-03-09,DGX,Davis J. E.,,0001022079-22-000052,2022-03-07,F,10330,130.09,66808,D,,,,,,
1022079,2022-03-09,DGX,Doherty Catherine T.,,0001022079-22-000054,2022-03-08,S,7032,135.21,67733,D,,,,,,
1022079,2022-03-09,DGX,Doherty Catherine T.,,0001022079-22-000054,2022-03-07,A,13392,130.09,81125,D,,,,,,
1022079,2022-03-09,DGX,RUSCKOWSKI STEPHEN H,,0001022079-22-000062,2022-03-07,F,32570,130.09,334833,D,,,,,,
1022079,2022-03-09,DGX,PREVOZNIK MICHAEL E,,0001022079-22-000060,2022-03-08,S,6228,135.21,39224,D,,,,,,
1022079,2022-03-09,DGX,PREVOZNIK MICHAEL E,,0001022079-22-000060,2022-03-07,F,5316,130.09,45452,D,,,,,,
1022079,2022-03-09,DGX,DEPPE MICHAEL J,,0001022079-22-000064,2022-03-07,F,835,130.09,31883,D,,,,,,
1022079,2022-03-09,DGX,DEPPE MICHAEL J,,0001022079-22-000064,2022-03-07,A,2310,130.09,32718,D,,,,,,
1022079,2022-03-09,DGX,GUINAN MARK,,0001022079-22-000058,2022-03-07,A,20780,130.09,109456,D,,,,,,
1022079,2022-03-09,DGX,GUINAN MARK,,0001022079-22-000058,2022-03-07,F,10475,130.09,98981,D,,,,,,
1022079,2022-05-19,DGX,PREVOZNIK MICHAEL E,,0001022079-22-000077,2022-05-17,M,50604,66.51,89828,D,,,,,,
1022079,2022-05-19,DGX,PREVOZNIK MICHAEL E,,0001022079-22-000077,2022-05-17,S,50604,139.969,39224,D,,,,,,
1022079,2022-05-20,DGX,MORRISON DENISE M,,0001022079-22-000090,2022-05-18,A,1292,0.0,6540,D,,,,,,
1022079,2022-05-20,DGX,Gregg Vicky B,,0001022079-22-000091,2022-05-18,A,1292,0.0,16922,D,,,,,,
1022079,2022-05-20,DGX,MAIN TIMOTHY L,,0001022079-22-000092,2022-05-18,A,1292,0.0,22243,D,,,,,,
1022079,2022-05-20,DGX,Gregg Vicky B,,0001022079-22-000091,2022-04-18,L,61,134.88,15630,D,,,,,,
1022079,2022-05-20,DGX,Lassiter Wright III,,0001022079-22-000089,2022-05-18,A,1292,0.0,4633,D,,,,,,
1022079,2022-05-20,DGX,WILENSKY GAIL R,,0001022079-22-000096,2022-05-18,A,1292,0.0,19137,D,,,,,,
1022079,2022-05-20,DGX,RING TIMOTHY M,,0001022079-22-000094,2022-05-18,A,1292,0.0,23933,D,,,,,,
1022079,2022-05-20,DGX,DEPPE MICHAEL J,,0001022079-22-000097,2022-05-18,F,8,136.98,32006,D,,,,,,
1022079,2022-05-20,DGX,PFEIFFER GARY M,,0001022079-22-000093,2022-05-18,A,1292,0.0,24982,D,,,,,,
1022079,2022-05-20,DGX,Doi Tracey,,0001022079-22-000095,2022-05-18,A,1292,0.0,2209,D,,,,,,
1022079,2022-05-25,DGX,RUSCKOWSKI STEPHEN H,,0001022079-22-000102,2022-05-24,S,126126,140.12,334833,D,,,,,,
1022079,2022-05-25,DGX,RUSCKOWSKI STEPHEN H,,0001022079-22-000102,2022-05-23,M,34898,103.57,369731,D,,,,,,
1022079,2022-05-25,DGX,RUSCKOWSKI STEPHEN H,,0001022079-22-000102,2022-05-23,S,33898,140.124,335833,D,,,,,,
1022079,2022-05-25,DGX,RUSCKOWSKI STEPHEN H,,0001022079-22-000102,2022-05-24,M,126126,103.57,460959,D,,,,,,
1022079,2022-05-26,DGX,RUSCKOWSKI STEPHEN H,,0001022079-22-000104,2022-05-25,S,6821,140.602,338049,D,,,,,,
1022079,2022-05-26,DGX,RUSCKOWSKI STEPHEN H,,0001022079-22-000104,2022-05-25,M,10037,103.57,344870,D,,,,,,
1022079,2022-07-05,DGX,RING TIMOTHY M,,0001022079-22-000112,2022-07-01,M,1010,56.25,24943,D,,,,,,
1022079,2022-07-05,DGX,RING TIMOTHY M,,0001022079-22-000112,2022-07-01,S,2000,133.47,23933,D,,,,,,
1022079,2022-07-21,DGX,Gregg Vicky B,,0001022079-22-000121,2022-07-20,L,70,134.4667,16992,D,,,,,,
1022079,2022-08-02,DGX,RING TIMOTHY M,,0001022079-22-000127,2022-08-01,M,149,56.25,24082,D,,,,,,
1022079,2022-08-02,DGX,RING TIMOTHY M,,0001022079-22-000127,2022-08-01,S,2000,136.04,23933,D,,,,,,
1022079,2022-09-06,DGX,RING TIMOTHY M,,0001022079-22-000129,2022-09-01,M,2000,61.225,25933,D,,,,,,
1022079,2022-09-06,DGX,RING TIMOTHY M,,0001022079-22-000129,2022-09-01,S,2000,125.02,23933,D,,,,,,
1022079,2022-10-04,DGX,RING TIMOTHY M,,0001022079-22-000131,2022-10-03,M,2000,61.225,25933,D,,,,,,
1022079,2022-10-04,DGX,RING TIMOTHY M,,0001022079-22-000131,2022-10-03,S,2000,123.39,23933,D,,,,,,
1022079,2022-10-21,DGX,Gregg Vicky B,,0001022079-22-000141,2022-10-19,L,74,127.667,17066,D,,,,,,
1022079,2022-10-27,DGX,DEPPE MICHAEL J,,0001022079-22-000143,2022-10-26,S,15497,145.0,32013,D,,,,,,
1022079,2022-10-27,DGX,DEPPE MICHAEL J,,0001022079-22-000143,2022-10-26,M,9126,52.165,41132,D,,,,,,
1022079,2022-11-02,DGX,RING TIMOTHY M,,0001022079-22-000152,2022-11-01,M,260,61.225,24193,D,,,,,,
1022079,2022-11-02,DGX,RING TIMOTHY M,,0001022079-22-000152,2022-11-01,S,2000,144.06,24149,D,,,,,,
1022079,2022-11-03,DGX,Davis J. E.,,0001022079-22-000154,2022-11-01,A,13980,0.0,80788,D,,,,,,
1022079,2022-11-29,DGX,Doherty Catherine T.,,0001022079-22-000168,2022-11-28,M,40765,86.63,108498,D,,,,,,
1022079,2022-11-29,DGX,Doherty Catherine T.,,0001022079-22-000168,2022-11-28,S,17358,148.9153,91140,D,,,,,,
1022079,2022-12-05,DGX,RING TIMOTHY M,,0001022079-22-000170,2022-12-01,M,972,62.01,25121,D,,,,,,
1022079,2022-12-05,DGX,RING TIMOTHY M,,0001022079-22-000170,2022-12-01,S,2025,152.5,24149,D,,,,,,
1022079,2023-02-03,DGX,Gregg Vicky B,,0001022079-23-000012,2023-02-01,L,64,146.746,17130,D,,,,,,
1022079,2023-02-03,DGX,Plewman Patrick,,0001022079-23-000011,2023-02-01,L,27,146.746,8982,D,,,,,,
1022079,2023-02-03,DGX,KUPPUSAMY KARTHIK,,0001022079-23-000010,2023-02-01,L,13,146.746,8005,D,,,,,,
1022079,2023-02-27,DGX,KUPPUSAMY KARTHIK,,0001022079-23-000032,2023-02-23,A,2094,0.0,9904,D,,,,,,
1022079,2023-02-27,DGX,KUPPUSAMY KARTHIK,,0001022079-23-000032,2023-02-23,F,195,147.86,7810,D,,,,,,
1022079,2023-02-27,DGX,Doherty Catherine T.,,0001022079-23-000030,2023-02-24,S,1690,141.42,68919,D,,,,,,
1022079,2023-02-27,DGX,Doherty Catherine T.,,0001022079-23-000030,2023-02-23,A,3838,0.0,70609,D,,,,,,
1022079,2023-02-27,DGX,Doherty Catherine T.,,0001022079-23-000030,2023-02-23,F,962,147.86,66771,D,,,,,,
1022079,2023-02-27,DGX,DEPPE MICHAEL J,,0001022079-23-000033,2023-02-23,F,188,147.86,31825,D,,,,,,
1022079,2023-02-27,DGX,DELANEY MARK E,,0001022079-23-000029,2023-02-23,A,1919,0.0,3650,D,,,,,,
1022079,2023-02-27,DGX,GARDNER MARK A,,0001022079-23-000031,2023-02-23,A,1919,0.0,2921,D,,,,,,
1022079,2023-02-27,DGX,DEPPE MICHAEL J,,0001022079-23-000033,2023-02-23,A,498,0.0,32328,D,,,,,,
1022079,2023-02-27,DGX,PREVOZNIK MICHAEL E,,0001022079-23-000035,2023-02-23,F,811,147.86,38413,D,,,,,,
1022079,2023-02-27,DGX,Davis J. E.,,0001022079-23-000038,2023-02-23,F,1473,147.86,79315,D,,,,,,
1022079,2023-02-27,DGX,Plewman Patrick,,0001022079-23-000034,2023-02-23,A,1919,0.0,10656,D,,,,,,
1022079,2023-02-27,DGX,Davis J. E.,,0001022079-23-000038,2023-02-23,A,17443,0.0,96758,D,,,,,,
1022079,2023-02-27,DGX,Plewman Patrick,,0001022079-23-000034,2023-02-23,F,245,147.86,8737,D,,,,,,
1022079,2023-02-27,DGX,PREVOZNIK MICHAEL E,,0001022079-23-000035,2023-02-23,A,2442,0.0,40855,D,,,,,,
1022079,2023-02-27,DGX,RUSCKOWSKI STEPHEN H,,0001022079-23-000037,2023-02-23,F,5826,147.86,329007,D,,,,,,
1022079,2023-02-27,DGX,SAMAD SAM,,0001022079-23-000036,2023-02-23,A,4710,0.0,20384,D,,,,,,
1022079,2023-02-27,DGX,PREVOZNIK MICHAEL E,,0001022079-23-000035,2023-02-24,S,1415,141.42,39440,D,,,,,,
1022079,2023-02-27,DGX,RUSCKOWSKI STEPHEN H,,0001022079-23-000037,2023-02-23,A,20059,0.0,349066,D,,,,,,
1022079,2023-03-03,DGX,Davis J. E.,,0001022079-23-000040,2023-03-01,F,1292,140.69,95466,D,,,,,,
1022079,2023-03-03,DGX,Doherty Catherine T.,,0001022079-23-000042,2023-03-01,F,392,140.69,68527,D,,,,,,
1022079,2023-03-03,DGX,KUPPUSAMY KARTHIK,,0001022079-23-000044,2023-03-01,F,65,140.69,9839,D,,,,,,
1022079,2023-03-03,DGX,DEPPE MICHAEL J,,0001022079-23-000046,2023-03-01,F,68,140.69,32260,D,,,,,,
1022079,2023-03-03,DGX,Plewman Patrick,,0001022079-23-000048,2023-03-01,F,90,140.69,10566,D,,,,,,
1022079,2023-03-03,DGX,PREVOZNIK MICHAEL E,,0001022079-23-000050,2023-03-02,S,593,138.54,38527,D,,,,,,
1022079,2023-03-03,DGX,PREVOZNIK MICHAEL E,,0001022079-23-000050,2023-03-01,F,320,140.69,39120,D,,,,,,
1022079,2023-03-03,DGX,RUSCKOWSKI STEPHEN H,,0001022079-23-000052,2023-03-01,F,3496,140.69,345570,D,,,,,,
1022079,2023-03-06,DGX,Doherty Catherine T.,,0001022079-23-000054,2023-03-03,S,717,140.63,67810,D,,,,,,
1022079,2023-03-08,DGX,KUPPUSAMY KARTHIK,,0001022079-23-000066,2023-03-06,F,583,147.86,11241,D,,,,,,
1022079,2023-03-08,DGX,RUSCKOWSKI STEPHEN H,,0001022079-23-000064,2023-03-06,F,38604,147.86,389597,D,,,,,,
1022079,2023-03-08,DGX,RUSCKOWSKI STEPHEN H,,0001022079-23-000064,2023-03-06,A,82631,147.86,428201,D,,,,,,
1022079,2023-03-08,DGX,Davis J. E.,,0001022079-23-000065,2023-03-06,F,8036,147.86,102634,D,,,,,,
1022079,2023-03-08,DGX,Davis J. E.,,0001022079-23-000065,2023-03-06,A,15204,147.86,110670,D,,,,,,
1022079,2023-03-08,DGX,KUPPUSAMY KARTHIK,,0001022079-23-000066,2023-03-06,A,1985,147.86,11824,D,,,,,,
1022079,2023-03-08,DGX,DEPPE MICHAEL J,,0001022079-23-000067,2023-03-06,A,1918,147.86,34178,D,,,,,,
1022079,2023-03-08,DGX,DEPPE MICHAEL J,,0001022079-23-000067,2023-03-06,F,682,147.86,33497,D,,,,,,
1022079,2023-03-08,DGX,Plewman Patrick,,0001022079-23-000068,2023-03-06,A,2579,147.86,13145,D,,,,,,
1022079,2023-03-08,DGX,PREVOZNIK MICHAEL E,,0001022079-23-000070,2023-03-07,S,4754,140.55,38527,D,,,,,,
1022079,2023-03-08,DGX,Doherty Catherine T.,,0001022079-23-000069,2023-03-06,A,9917,147.86,77727,D,,,,,,
1022079,2023-03-08,DGX,Doherty Catherine T.,,0001022079-23-000069,2023-03-07,S,5307,140.55,67810,D,,,,,,
1022079,2023-03-08,DGX,Plewman Patrick,,0001022079-23-000068,2023-03-06,F,799,147.86,12357,D,,,,,,
1022079,2023-03-08,DGX,PREVOZNIK MICHAEL E,,0001022079-23-000070,2023-03-06,F,3841,147.86,43281,D,,,,,,
1022079,2023-03-08,DGX,PREVOZNIK MICHAEL E,,0001022079-23-000070,2023-03-06,A,8595,147.86,47122,D,,,,,,
1022079,2023-03-08,DGX,Doherty Catherine T.,,0001022079-23-000069,2023-03-06,F,4610,147.86,73117,D,,,,,,
1022079,2023-03-27,DGX,DELANEY MARK E,,0001022079-23-000073,2023-03-24,F,170,134.25,3480,D,,,,,,
1022079,2023-03-27,DGX,Plewman Patrick,,0001022079-23-000074,2023-03-24,F,99,134.25,12258,D,,,,,,
1022079,2023-04-25,DGX,Plewman Patrick,,0001022079-23-000087,2023-04-24,L,44,143.082,12319,D,,,,,,
1022079,2023-04-25,DGX,KUPPUSAMY KARTHIK,,0001022079-23-000085,2023-04-24,L,25,143.079,11295,D,,,,,,
1022079,2023-04-25,DGX,Gregg Vicky B,,0001022079-23-000083,2023-04-24,L,72,143.081,17202,D,,,,,,
1022079,2023-05-19,DGX,PFEIFFER GARY M,,0001022079-23-000113,2023-05-17,A,1369,0.0,26839,D,,,,,,
1022079,2023-05-19,DGX,Lassiter Wright III,,0001022079-23-000115,2023-05-17,A,1369,0.0,6092,D,,,,,,
1022079,2023-05-19,DGX,WILENSKY GAIL R,,0001022079-23-000112,2023-05-17,A,1369,0.0,20506,D,,,,,,
1022079,2023-05-19,DGX,Diaz Luis,,0001022079-23-000118,2023-05-17,A,1369,0.0,1369,D,,,,,,
1022079,2023-05-19,DGX,Doi Tracey,,0001022079-23-000114,2023-05-17,A,1369,0.0,3621,D,,,,,,
1022079,2023-05-19,DGX,Gregg Vicky B,,0001022079-23-000117,2023-05-17,A,1369,0.0,18571,D,,,,,,
1022079,2023-05-19,DGX,RING TIMOTHY M,,0001022079-23-000116,2023-05-17,A,1369,0.0,25744,D,,,,,,
1022079,2023-05-19,DGX,MAIN TIMOTHY L,,0001022079-23-000108,2023-05-17,A,1369,0.0,23612,D,,,,,,
1022079,2023-05-19,DGX,MORRISON DENISE M,,0001022079-23-000109,2023-05-17,A,1369,0.0,7955,D,,,,,,
1022079,2023-07-17,DGX,SAMAD SAM,,0001022079-23-000126,2023-07-14,F,3909,140.18,16475,D,,,,,,
1022079,2023-07-27,DGX,KUPPUSAMY KARTHIK,,0001022079-23-000139,2023-07-25,A,25,144.592,11355,D,,,,,,
1022079,2023-07-27,DGX,Gregg Vicky B,,0001022079-23-000138,2023-07-25,A,78,144.591,18649,D,,,,,,
1022079,2023-07-27,DGX,Plewman Patrick,,0001022079-23-000137,2023-07-25,A,44,144.592,12397,D,,,,,,
1022079,2023-08-17,DGX,KUPPUSAMY KARTHIK,,0001022079-23-000141,2023-08-15,F,74,135.23,11294,D,,,,,,
1022079,2023-09-27,DGX,GARDNER MARK A,,0001022079-23-000145,2023-09-25,F,116,126.22,2805,D,,,,,,
1022079,2023-10-26,DGX,KUPPUSAMY KARTHIK,,0001022079-23-000164,2023-10-23,A,30,122.862,11358,D,,,,,,
1022079,2023-10-26,DGX,Gregg Vicky B,,0001022079-23-000165,2023-10-23,A,92,122.863,18741,D,,,,,,
1022079,2023-10-26,DGX,SAMAD SAM,,0001022079-23-000162,2023-10-23,A,18,122.864,16493,D,,,,,,
1022079,2023-10-26,DGX,Plewman Patrick,,0001022079-23-000163,2023-10-23,A,52,122.836,12492,D,,,,,,
1022079,2024-02-02,DGX,Gregg Vicky B,,0001022079-24-000017,2024-01-31,A,88,129.327,18829,D,,,,,,
1022079,2024-02-02,DGX,SAMAD SAM,,0001022079-24-000015,2024-01-31,A,17,129.327,16510,D,,,,,,
1022079,2024-02-02,DGX,KUPPUSAMY KARTHIK,,0001022079-24-000013,2024-01-31,A,29,129.326,11438,D,,,,,,
1022079,2024-02-02,DGX,Plewman Patrick,,0001022079-24-000011,2024-01-31,A,50,129.326,12589,D,,,,,,
1022079,2024-02-16,DGX,KUPPUSAMY KARTHIK,,0001022079-24-000031,2024-02-14,A,2641,0.0,14079,D,,,,,,
1022079,2024-02-16,DGX,DELANEY MARK E,,0001022079-24-000030,2024-02-14,A,2348,0.0,5828,D,,,,,,
1022079,2024-02-16,DGX,PREVOZNIK MICHAEL E,,0001022079-24-000033,2024-02-14,A,2935,0.0,41274,D,,,,,,
1022079,2024-02-16,DGX,DEPPE MICHAEL J,,0001022079-24-000028,2024-02-14,A,558,0.0,34070,D,,,,,,
1022079,2024-02-16,DGX,Doherty Catherine T.,,0001022079-24-000029,2024-02-14,A,4304,0.0,72114,D,,,,,,
1022079,2024-02-16,DGX,Plewman Patrick,,0001022079-24-000034,2024-02-14,A,2446,0.0,15035,D,,,,,,
1022079,2024-02-16,DGX,GARDNER MARK A,,0001022079-24-000035,2024-02-14,A,2250,0.0,5055,D,,,,,,
1022079,2024-02-16,DGX,Davis J. E.,,0001022079-24-000036,2024-02-14,A,22251,0.0,124885,D,,,,,,
1022079,2024-02-16,DGX,SAMAD SAM,,0001022079-24-000032,2024-02-14,A,5478,0.0,21988,D,,,,,,
1022079,2024-02-23,DGX,DEPPE MICHAEL J,,0001022079-24-000049,2024-02-21,F,89,125.02,33981,D,,,,,,
1022079,2024-02-23,DGX,Doherty Catherine T.,,0001022079-24-000050,2024-02-21,F,493,125.02,71621,D,,,,,,
1022079,2024-02-23,DGX,Gregg Vicky B,,0001022079-24-000052,2024-02-23,S,2500,126.6386,16329,D,,,,,,
1022079,2024-02-23,DGX,Plewman Patrick,,0001022079-24-000055,2024-02-21,F,139,125.02,14896,D,,,,,,
1022079,2024-02-23,DGX,Davis J. E.,,0001022079-24-000054,2024-02-21,F,762,125.02,124123,D,,,,,,
1022079,2024-02-23,DGX,PREVOZNIK MICHAEL E,,0001022079-24-000053,2024-02-22,S,661,126.14,40206,D,,,,,,
1022079,2024-02-23,DGX,Doherty Catherine T.,,0001022079-24-000050,2024-02-22,S,821,126.14,70800,D,,,,,,
1022079,2024-02-23,DGX,PREVOZNIK MICHAEL E,,0001022079-24-000053,2024-02-21,F,407,125.02,40867,D,,,,,,
1022079,2024-02-23,DGX,KUPPUSAMY KARTHIK,,0001022079-24-000051,2024-02-21,F,102,125.02,13977,D,,,,,,
1022079,2024-02-27,DGX,Davis J. E.,,0001022079-24-000067,2024-02-23,F,6525,125.02,130988,D,,,,,,
1022079,2024-02-27,DGX,Doherty Catherine T.,,0001022079-24-000064,2024-02-23,F,3757,125.02,76357,D,,,,,,
1022079,2024-02-27,DGX,DEPPE MICHAEL J,,0001022079-24-000062,2024-02-23,F,631,125.02,35039,D,,,,,,
1022079,2024-02-27,DGX,KUPPUSAMY KARTHIK,,0001022079-24-000063,2024-02-23,F,619,125.02,15397,D,,,,,,
1022079,2024-02-27,DGX,Doherty Catherine T.,,0001022079-24-000064,2024-02-23,A,9314,125.02,80114,D,,,,,,
1022079,2024-02-27,DGX,DEPPE MICHAEL J,,0001022079-24-000062,2024-02-23,A,1689,125.02,35670,D,,,,,,
1022079,2024-02-27,DGX,Plewman Patrick,,0001022079-24-000065,2024-02-23,A,2388,125.02,17284,D,,,,,,
1022079,2024-02-27,DGX,PREVOZNIK MICHAEL E,,0001022079-24-000066,2024-02-23,A,7569,125.02,47775,D,,,,,,
1022079,2024-02-27,DGX,Plewman Patrick,,0001022079-24-000065,2024-02-23,F,869,125.02,16415,D,,,,,,
1022079,2024-02-27,DGX,Davis J. E.,,0001022079-24-000067,2024-02-23,A,13390,125.02,137513,D,,,,,,
1022079,2024-02-27,DGX,PREVOZNIK MICHAEL E,,0001022079-24-000066,2024-02-23,F,2825,125.02,44950,D,,,,,,
1022079,2024-02-27,DGX,KUPPUSAMY KARTHIK,,0001022079-24-000063,2024-02-23,A,2039,125.02,16016,D,,,,,,
1022079,2024-03-01,DGX,Doherty Catherine T.,,0001022079-24-000084,2024-02-28,F,644,126.36,75713,D,,,,,,
1022079,2024-03-01,DGX,DEPPE MICHAEL J,,0001022079-24-000078,2024-02-28,F,52,126.36,34987,D,,,,,,
1022079,2024-03-01,DGX,KUPPUSAMY KARTHIK,,0001022079-24-000082,2024-02-28,F,205,126.36,15192,D,,,,,,
1022079,2024-03-01,DGX,GARDNER MARK A,,0001022079-24-000079,2024-02-28,F,262,126.36,4793,D,,,,,,
1022079,2024-03-01,DGX,Davis J. E.,,0001022079-24-000080,2024-02-28,F,3216,126.36,127772,D,,,,,,
1022079,2024-03-01,DGX,Doherty Catherine T.,,0001022079-24-000084,2024-02-29,S,1187,125.88,68412,D,,,,,,
1022079,2024-03-01,DGX,Plewman Patrick,,0001022079-24-000085,2024-02-28,F,228,126.36,16187,D,,,,,,
1022079,2024-03-01,DGX,Doherty Catherine T.,,0001022079-24-000084,2024-02-28,S,5557,126.57,69599,D,,,,,,
1022079,2024-03-01,DGX,SAMAD SAM,,0001022079-24-000081,2024-02-28,F,656,126.36,21332,D,,,,,,
1022079,2024-03-01,DGX,PREVOZNIK MICHAEL E,,0001022079-24-000083,2024-02-28,F,405,126.36,44545,D,,,,,,
1022079,2024-03-01,DGX,DELANEY MARK E,,0001022079-24-000077,2024-02-28,F,225,126.36,5603,D,,,,,,
1022079,2024-03-01,DGX,PREVOZNIK MICHAEL E,,0001022079-24-000083,2024-02-29,S,5611,125.88,38478,D,,,,,,
1022079,2024-03-28,DGX,DELANEY MARK E,,0001022079-24-000089,2024-03-26,F,170,128.11,5433,D,,,,,,
1022079,2024-03-28,DGX,Plewman Patrick,,0001022079-24-000088,2024-03-26,F,114,128.11,15981,D,,,,,,
1022079,2024-04-26,DGX,SAMAD SAM,,0001022079-24-000104,2024-04-22,A,24,126.245,21356,D,,,,,,
1022079,2024-04-26,DGX,Plewman Patrick,,0001022079-24-000105,2024-04-22,A,69,126.245,16062,D,,,,,,
1022079,2024-04-26,DGX,Gregg Vicky B,,0001022079-24-000107,2024-04-22,A,81,126.244,16410,D,,,,,,
1022079,2024-04-26,DGX,KUPPUSAMY KARTHIK,,0001022079-24-000106,2024-04-22,A,45,126.246,15195,D,,,,,,
1022079,2024-05-01,DGX,KUPPUSAMY KARTHIK,,0001022079-24-000109,2024-04-29,S,1760,140.0,13435,D,,,,,,
1022079,2024-05-20,DGX,Diaz Luis,,0001022079-24-000113,2024-05-16,A,1482,0.0,2851,D,,,,,,
1022079,2024-05-20,DGX,Doi Tracey,,0001022079-24-000115,2024-05-16,A,1482,0.0,5183,D,,,,,,
1022079,2024-05-20,DGX,PFEIFFER GARY M,,0001022079-24-000127,2024-05-16,A,1482,0.0,28916,D,,,,,,
1022079,2024-05-20,DGX,Gregg Vicky B,,0001022079-24-000121,2024-05-16,A,1482,0.0,17892,D,,,,,,
1022079,2024-05-20,DGX,MAIN TIMOTHY L,,0001022079-24-000123,2024-05-16,A,1482,0.0,25094,D,,,,,,
1022079,2024-05-20,DGX,RING TIMOTHY M,,0001022079-24-000125,2024-05-16,A,1482,0.0,27798,D,,,,,,
1022079,2024-05-20,DGX,CARTER ROBERT B,,0001022079-24-000129,2024-05-16,A,1482,0.0,1482,D,,,,,,
1022079,2024-05-20,DGX,MORRISON DENISE M,,0001022079-24-000117,2024-05-16,A,1482,0.0,9490,D,,,,,,
1022079,2024-05-20,DGX,Lassiter Wright III,,0001022079-24-000119,2024-05-16,A,1482,0.0,7709,D,,,,,,
1022079,2024-07-18,DGX,SAMAD SAM,,0001022079-24-000145,2024-07-16,F,3910,142.65,17446,D,,,,,,
1022079,2024-07-26,DGX,Plewman Patrick,,0001022079-24-000165,2024-07-22,L,60,146.974,16162,D,,,,,,
1022079,2024-07-26,DGX,KUPPUSAMY KARTHIK,,0001022079-24-000166,2024-07-22,L,31,146.973,13511,D,,,,,,
1022079,2024-07-26,DGX,DELANEY MARK E,,0001022079-24-000168,2024-07-24,S,420,143.08,5019,D,,,,,,
1022079,2024-07-26,DGX,SAMAD SAM,,0001022079-24-000167,2024-07-22,L,21,146.974,17467,D,,,,,,
1022079,2024-07-26,DGX,DELANEY MARK E,,0001022079-24-000168,2024-07-22,L,6,146.984,5439,D,,,,,,
1022079,2024-07-26,DGX,Gregg Vicky B,,0001022079-24-000164,2024-07-22,L,77,146.973,17969,D,,,,,,
1022079,2024-08-16,DGX,KUPPUSAMY KARTHIK,,0001022079-24-000170,2024-08-14,F,74,149.46,13449,D,,,,,,
1022079,2024-08-29,DGX,KUPPUSAMY KARTHIK,,0001022079-24-000174,2024-08-28,S,1990,153.2612,11459,D,,,,,,
1022079,2024-09-03,DGX,PREVOZNIK MICHAEL E,,0001022079-24-000176,2024-08-29,M,32551,95.795,71029,D,,,,,,
1022079,2024-09-03,DGX,PREVOZNIK MICHAEL E,,0001022079-24-000176,2024-08-29,S,32551,154.9727,38478,D,,,,,,
1022079,2024-09-26,DGX,GARDNER MARK A,,0001022079-24-000178,2024-09-24,F,120,155.7,4673,D,,,,,,
1022079,2024-10-25,DGX,KUPPUSAMY KARTHIK,,0001022079-24-000197,2024-10-21,L,21,149.37,11509,D,,,,,,
1022079,2024-10-25,DGX,SAMAD SAM,,0001022079-24-000198,2024-10-21,L,37,149.371,17504,D,,,,,,
1022079,2024-10-25,DGX,Plewman Patrick,,0001022079-24-000196,2024-10-21,L,60,149.37,16258,D,,,,,,
1022079,2024-10-25,DGX,Gregg Vicky B,,0001022079-24-000200,2024-10-21,L,76,149.371,18045,D,,,,,,
1022079,2024-10-25,DGX,DELANEY MARK E,,0001022079-24-000199,2024-10-21,L,4,149.388,5023,D,,,,,,
1022079,2024-10-30,DGX,KUPPUSAMY KARTHIK,,0001022079-24-000202,2024-10-28,S,1775,156.9156,9734,D,,,,,,
1022079,2024-11-07,DGX,DEPPE MICHAEL J,,0001022079-24-000204,2024-11-06,S,2100,152.7029,51596,D,,,,,,
1022079,2024-11-07,DGX,DEPPE MICHAEL J,,0001022079-24-000204,2024-11-06,M,8635,71.17,43576,D,,,,,,
1022079,2024-12-02,DGX,PREVOZNIK MICHAEL E,,0001022079-24-000208,2024-11-29,M,35146,86.63,73624,D,,,,,,
1022079,2024-12-02,DGX,PREVOZNIK MICHAEL E,,0001022079-24-000208,2024-11-29,S,3009,162.2588,70615,D,,,,,,
1022079,2024-12-02,DGX,Doherty Catherine T.,,0001022079-24-000206,2024-11-27,M,33103,103.57,101515,D,,,,,,
1022079,2024-12-02,DGX,Doherty Catherine T.,,0001022079-24-000206,2024-11-27,S,4803,162.1435,96712,D,,,,,,
1022079,2025-01-31,DGX,Plewman Patrick,,0001022079-25-000016,2025-01-29,L,57,158.036,16345,D,,,,,,
1022079,2025-01-31,DGX,Gregg Vicky B,,0001022079-25-000018,2025-01-29,L,72,158.037,18117,D,,,,,,
1022079,2025-01-31,DGX,SAMAD SAM,,0001022079-25-000017,2025-01-29,L,35,158.036,17539,D,,,,,,
1022079,2025-01-31,DGX,KUPPUSAMY KARTHIK,,0001022079-25-000015,2025-01-29,L,12,158.034,9780,D,,,,,,
1022079,2025-01-31,DGX,DELANEY MARK E,,0001022079-25-000014,2025-01-29,L,4,158.025,5027,D,,,,,,
1022079,2025-02-07,DGX,Gregg Vicky B,,0001022079-25-000022,2025-02-05,S,1250,164.568,16867,D,,,,,,
1022079,2025-02-07,DGX,DELANEY MARK E,,0001022079-25-000020,2025-02-05,S,403,164.3031,4624,D,,,,,,
1022079,2025-02-14,DGX,Davis J. E.,,0001022079-25-000038,2025-02-12,A,18149,0.0,144117,D,,,,,,
1022079,2025-02-14,DGX,SAMAD SAM,,0001022079-25-000037,2025-02-12,A,4538,0.0,22077,D,,,,,,
1022079,2025-02-14,DGX,Plewman Patrick,,0001022079-25-000035,2025-02-12,A,2042,0.0,18402,D,,,,,,
1022079,2025-02-14,DGX,Doherty Catherine T.,,0001022079-25-000033,2025-02-12,A,3479,0.0,71891,D,,,,,,
1022079,2025-02-14,DGX,DELANEY MARK E,,0001022079-25-000032,2025-02-12,A,1815,0.0,6439,D,,,,,,
1022079,2025-02-14,DGX,DEPPE MICHAEL J,,0001022079-25-000031,2025-02-12,A,454,0.0,35399,D,,,,,,
1022079,2025-02-14,DGX,PREVOZNIK MICHAEL E,,0001022079-25-000036,2025-02-12,A,2345,0.0,40823,D,,,,,,
1022079,2025-02-14,DGX,KUPPUSAMY KARTHIK,,0001022079-25-000034,2025-02-12,A,2269,0.0,12066,D,,,,,,
1022079,2025-02-21,DGX,Davis J. E.,,0001022079-25-000046,2025-02-19,F,2936,169.71,141181,D,,,,,,
1022079,2025-02-21,DGX,Doherty Catherine T.,,0001022079-25-000052,2025-02-20,S,899,170.99,70457,D,,,,,,
1022079,2025-02-21,DGX,Doherty Catherine T.,,0001022079-25-000052,2025-02-19,S,535,169.71,71356,D,,,,,,
1022079,2025-02-21,DGX,DELANEY MARK E,,0001022079-25-000048,2025-02-19,F,242,169.71,6197,D,,,,,,
1022079,2025-02-21,DGX,DEPPE MICHAEL J,,0001022079-25-000050,2025-02-19,F,99,169.71,35300,D,,,,,,
1022079,2025-02-21,DGX,Plewman Patrick,,0001022079-25-000056,2025-02-19,S,320,169.71,18082,D,,,,,,
1022079,2025-02-21,DGX,KUPPUSAMY KARTHIK,,0001022079-25-000054,2025-02-19,F,287,169.71,11779,D,,,,,,
1022079,2025-02-21,DGX,PREVOZNIK MICHAEL E,,0001022079-25-000058,2025-02-20,S,604,170.99,39845,D,,,,,,
1022079,2025-02-21,DGX,PREVOZNIK MICHAEL E,,0001022079-25-000058,2025-02-19,F,374,169.71,40449,D,,,,,,
1022079,2025-02-21,DGX,SAMAD SAM,,0001022079-25-000060,2025-02-19,F,1031,169.71,21046,D,,,,,,
1022079,2025-02-28,DGX,DELANEY MARK E,,0001022079-25-000069,2025-02-26,F,214,171.75,5983,D,,,,,,
1022079,2025-02-28,DGX,Doherty Catherine T.,,0001022079-25-000071,2025-02-27,S,824,172.61,69178,D,,,,,,
1022079,2025-02-28,DGX,Doherty Catherine T.,,0001022079-25-000071,2025-02-26,F,455,171.75,70002,D,,,,,,
1022079,2025-02-28,DGX,KUPPUSAMY KARTHIK,,0001022079-25-000072,2025-02-26,F,233,171.75,11546,D,,,,,,
1022079,2025-02-28,DGX,DEPPE MICHAEL J,,0001022079-25-000070,2025-02-26,F,88,171.75,35212,D,,,,,,
1022079,2025-02-28,DGX,Plewman Patrick,,0001022079-25-000073,2025-02-26,F,229,171.75,17853,D,,,,,,
1022079,2025-02-28,DGX,PREVOZNIK MICHAEL E,,0001022079-25-000074,2025-02-27,S,528,172.61,39031,D,,,,,,
1022079,2025-02-28,DGX,PREVOZNIK MICHAEL E,,0001022079-25-000074,2025-02-26,F,286,171.75,39559,D,,,,,,
1022079,2025-02-28,DGX,SAMAD SAM,,0001022079-25-000076,2025-02-26,F,869,171.75,20177,D,,,,,,
1022079,2025-02-28,DGX,Davis J. E.,,0001022079-25-000075,2025-02-26,F,2966,171.75,138215,D,,,,,,
1022079,2025-03-05,DGX,Plewman Patrick,,0001022079-25-000088,2025-03-04,A,5674,173.74,23430,D,,,,,,
1022079,2025-03-05,DGX,DELANEY MARK E,,0001022079-25-000086,2025-03-04,A,5317,173.74,11300,D,,,,,,
1022079,2025-03-05,DGX,KUPPUSAMY KARTHIK,,0001022079-25-000089,2025-03-04,F,1879,173.74,13119,D,,,,,,
1022079,2025-03-05,DGX,SAMAD SAM,,0001022079-25-000085,2025-03-04,A,13884,173.74,34061,D,,,,,,
1022079,2025-03-05,DGX,Plewman Patrick,,0001022079-25-000088,2025-03-03,F,106,173.74,17756,D,,,,,,
1022079,2025-03-05,DGX,PREVOZNIK MICHAEL E,,0001022079-25-000087,2025-03-04,F,3906,173.74,42760,D,,,,,,
1022079,2025-03-05,DGX,PREVOZNIK MICHAEL E,,0001022079-25-000087,2025-03-03,F,322,173.74,38709,D,,,,,,
1022079,2025-03-05,DGX,SAMAD SAM,,0001022079-25-000085,2025-03-04,F,7684,173.74,26377,D,,,,,,
1022079,2025-03-05,DGX,PREVOZNIK MICHAEL E,,0001022079-25-000087,2025-03-04,A,8549,173.74,46666,D,,,,,,
1022079,2025-03-05,DGX,Plewman Patrick,,0001022079-25-000088,2025-03-04,F,2280,173.74,21150,D,,,,,,
1022079,2025-03-05,DGX,PREVOZNIK MICHAEL E,,0001022079-25-000087,2025-03-04,S,592,175.79,38117,D,,,,,,
1022079,2025-03-05,DGX,DELANEY MARK E,,0001022079-25-000086,2025-03-04,F,1823,173.74,9477,D,,,,,,
1022079,2025-03-05,DGX,DEPPE MICHAEL J,,0001022079-25-000092,2025-03-04,F,867,173.74,34365,D,,,,,,
1022079,2025-03-05,DGX,Davis J. E.,,0001022079-25-000090,2025-03-03,F,1662,173.74,136553,D,,,,,,
1022079,2025-03-05,DGX,Davis J. E.,,0001022079-25-000090,2025-03-04,F,31656,173.74,166814,D,,,,,,
1022079,2025-03-05,DGX,DEPPE MICHAEL J,,0001022079-25-000092,2025-03-04,A,1711,173.74,35232,D,,,,,,
1022079,2025-03-05,DGX,KUPPUSAMY KARTHIK,,0001022079-25-000089,2025-03-04,A,4434,173.74,14998,D,,,,,,
1022079,2025-03-05,DGX,Doherty Catherine T.,,0001022079-25-000091,2025-03-04,F,5010,173.74,73438,D,,,,,,
1022079,2025-03-05,DGX,Doherty Catherine T.,,0001022079-25-000091,2025-03-03,F,394,173.74,68784,D,,,,,,
1022079,2025-03-05,DGX,DEPPE MICHAEL J,,0001022079-25-000092,2025-03-03,F,1692,173.74,33521,D,,,,,,
1022079,2025-03-05,DGX,Doherty Catherine T.,,0001022079-25-000091,2025-03-04,A,10380,173.74,78448,D,,,,,,
1022079,2025-03-05,DGX,Davis J. E.,,0001022079-25-000090,2025-03-04,A,61917,173.74,198470,D,,,,,,
1022079,2025-03-05,DGX,Doherty Catherine T.,,0001022079-25-000091,2025-03-04,S,716,175.79,68068,D,,,,,,
1022079,2025-03-05,DGX,KUPPUSAMY KARTHIK,,0001022079-25-000089,2025-03-03,F,992,173.74,10564,D,,,,,,
1022079,2025-03-07,DGX,Doherty Catherine T.,,0001022079-25-000094,2025-03-05,S,5370,174.13,68068,D,,,,,,
1022079,2025-03-19,DGX,PREVOZNIK MICHAEL E,,0001022079-25-000097,2025-03-17,S,4643,170.0,38117,D,,,,,,
1022079,2025-03-28,DGX,DELANEY MARK E,,0001022079-25-000100,2025-03-26,F,256,166.71,9221,D,,,,,,
1022079,2025-03-28,DGX,Plewman Patrick,,0001022079-25-000101,2025-03-26,F,162,166.71,20988,D,,,,,,
1022079,2025-04-04,DGX,Davis J. E.,,0001022079-25-000109,2025-04-02,S,2366,168.0275,164448,D,,,,,,
1022079,2025-04-04,DGX,KUPPUSAMY KARTHIK,,0001022079-25-000107,2025-04-02,S,2555,170.0,10575,D,,,,,,
1022079,2025-05-02,DGX,Gregg Vicky B,,0001022079-25-000127,2025-04-21,A,68,164.422,16935,D,,,,,,
1022079,2025-05-02,DGX,SAMAD SAM,,0001022079-25-000130,2025-04-21,L,74,164.422,26451,D,,,,,,
1022079,2025-05-02,DGX,KUPPUSAMY KARTHIK,,0001022079-25-000129,2025-04-21,L,27,164.422,10612,D,,,,,,
1022079,2025-05-02,DGX,Plewman Patrick,,0001022079-25-000128,2025-04-21,L,81,164.423,21087,D,,,,,,
1022079,2025-05-02,DGX,DELANEY MARK E,,0001022079-25-000126,2025-04-21,L,25,164.421,9246,D,,,,,,
1022079,2025-05-14,DGX,DELANEY MARK E,,0001022079-25-000132,2025-05-13,S,874,175.31,7498,D,,,,,,
1022079,2025-05-14,DGX,DELANEY MARK E,,0001022079-25-000132,2025-05-12,S,874,175.72,8372,D,,,,,,
1022079,2025-05-19,DGX,Lassiter Wright III,,0001022079-25-000144,2025-05-15,A,1203,0.0,9037,D,,,,,,
1022079,2025-05-19,DGX,Doi Tracey,,0001022079-25-000147,2025-05-15,A,1203,0.0,6490,D,,,,,,
1022079,2025-05-19,DGX,Gregg Vicky B,,0001022079-25-000148,2025-05-15,A,1203,0.0,18138,D,,,,,,
1022079,2025-05-19,DGX,PFEIFFER GARY M,,0001022079-25-000142,2025-05-15,A,1203,0.0,30669,D,,,,,,
1022079,2025-05-19,DGX,CARTER ROBERT B,,0001022079-25-000150,2025-05-15,A,1203,0.0,2685,D,,,,,,
1022079,2025-05-19,DGX,RING TIMOTHY M,,0001022079-25-000143,2025-05-15,A,1203,0.0,29507,D,,,,,,
1022079,2025-05-19,DGX,MORRISON DENISE M,,0001022079-25-000145,2025-05-15,A,1203,0.0,10742,D,,,,,,
1022079,2025-05-19,DGX,MAIN TIMOTHY L,,0001022079-25-000146,2025-05-15,A,1203,0.0,26297,D,,,,,,
1022079,2025-05-19,DGX,Diaz Luis,,0001022079-25-000149,2025-05-15,A,1203,0.0,4054,D,,,,,,
1022079,2025-07-17,DGX,SAMAD SAM,,0001022079-25-000168,2025-07-16,F,850,169.01,25601,D,,,,,,
1022079,2025-07-25,DGX,Plewman Patrick,,0001022079-25-000188,2025-07-21,L,80,167.494,21185,D,,,,,,
1022079,2025-07-25,DGX,CARTER ROBERT B,,0001022079-25-000183,2025-07-21,L,7,167.505,2692,D,,,,,,
1022079,2025-07-25,DGX,KUPPUSAMY KARTHIK,,0001022079-25-000187,2025-07-21,L,27,167.498,10660,D,,,,,,
1022079,2025-07-25,DGX,SAMAD SAM,,0001022079-25-000189,2025-07-21,L,72,167.496,25673,D,,,,,,
1022079,2025-07-25,DGX,Lassiter Wright III,,0001022079-25-000186,2025-07-21,L,7,167.505,9044,D,,,,,,
1022079,2025-07-25,DGX,DELANEY MARK E,,0001022079-25-000184,2025-07-21,L,17,167.491,7515,D,,,,,,
1022079,2025-07-25,DGX,Gregg Vicky B,,0001022079-25-000185,2025-07-21,L,79,167.495,18217,D,,,,,,
1022079,2025-08-01,DGX,KUPPUSAMY KARTHIK,,0001022079-25-000195,2025-07-30,M,3045,86.63,13705,D,,,,,,
1022079,2025-08-01,DGX,KUPPUSAMY KARTHIK,,0001022079-25-000195,2025-07-30,S,3045,167.4,10660,D,,,,,,
1022079,2025-08-01,DGX,KUPPUSAMY KARTHIK,,0001022079-25-000195,2025-07-31,S,2210,170.0,8450,D,,,,,,
1022079,2025-08-08,DGX,Plewman Patrick,,0001497368-25-000005,2025-08-06,S,3560,175.0,21185,D,,,,,,
1022079,2025-08-08,DGX,Plewman Patrick,,0001497368-25-000005,2025-08-06,M,3560,86.63,24745,D,,,,,,
1022079,2025-08-15,DGX,KUPPUSAMY KARTHIK,,0001955217-25-000005,2025-08-13,F,123,175.91,8338,D,,,,,,
1022079,2025-08-19,DGX,Plewman Patrick,,0001497368-25-000007,2025-08-15,S,1975,180.0,17244,D,,,,,,
1022079,2025-08-21,DGX,Plewman Patrick,,0001022079-25-000198,2025-08-19,S,4532,183.0,17244,D,,,,,,
1022079,2025-08-21,DGX,Plewman Patrick,,0001022079-25-000198,2025-08-19,M,4532,112.17,21776,D,,,,,,
1022079,2025-08-25,DGX,Plewman Patrick,,0001022079-25-000200,2025-08-21,S,1975,185.0,15269,D,,,,,,
1022079,2025-09-25,DGX,PREVOZNIK MICHAEL E,,0001222679-25-000004,2025-09-24,M,175,103.57,38292,D,,,,,,
1022079,2025-09-25,DGX,PREVOZNIK MICHAEL E,,0001222679-25-000004,2025-09-23,S,28288,187.1222,38117,D,,,,,,
1022079,2025-09-25,DGX,PREVOZNIK MICHAEL E,,0001222679-25-000004,2025-09-24,S,175,187.023,38117,D,,,,,,
1022079,2025-09-25,DGX,PREVOZNIK MICHAEL E,,0001222679-25-000004,2025-09-23,M,28288,103.57,66405,D,,,,,,
1022079,2025-09-30,DGX,PREVOZNIK MICHAEL E,,0001022079-25-000203,2025-09-26,M,227,103.57,38344,D,,,,,,
1022079,2025-09-30,DGX,PREVOZNIK MICHAEL E,,0001022079-25-000203,2025-09-26,S,83,187.2198,38261,D,,,,,,
1022079,2025-10-24,DGX,CARTER ROBERT B,,0001022079-25-000224,2025-10-21,A,6,189.089,2698,D,,,,,,
1022079,2025-10-24,DGX,DELANEY MARK E,,0001022079-25-000225,2025-10-21,A,15,189.077,7530,D,,,,,,
1022079,2025-10-24,DGX,Plewman Patrick,,0001022079-25-000230,2025-10-21,A,46,189.079,15333,D,,,,,,
1022079,2025-10-24,DGX,Gregg Vicky B,,0001022079-25-000226,2025-10-21,A,70,189.082,18287,D,,,,,,
1022079,2025-10-24,DGX,SAMAD SAM,,0001022079-25-000231,2025-10-21,A,68,189.081,25741,D,,,,,,
1022079,2025-10-24,DGX,PFEIFFER GARY M,,0001022079-25-000228,2025-10-22,S,1482,182.4,29431,D,,,,,,
1022079,2025-10-24,DGX,KUPPUSAMY KARTHIK,,0001022079-25-000229,2025-10-21,A,15,189.076,8379,D,,,,,,
1022079,2025-11-07,DGX,Davis J. E.,,0001599837-25-000004,2025-11-05,F,7143,175.57,120480,D,,,,,,
1022079,2025-11-20,DGX,DELANEY MARK E,,0001955265-25-000004,2025-11-18,S,7946,187.35,7530,D,,,,,,
1022079,2025-11-20,DGX,DELANEY MARK E,,0001955265-25-000004,2025-11-18,M,7846,144.47,15376,D,,,,,,
1022079,2025-11-28,DGX,Davis J. E.,,0001022079-25-000233,2025-11-25,M,55093,95.795,175573,D,,,,,,
1022079,2025-11-28,DGX,Davis J. E.,,0001022079-25-000233,2025-11-25,S,9342,191.5888,166231,D,,,,,,
1022079,2025-11-28,DGX,Gregg Vicky B,,0001022079-25-000232,2025-11-25,S,1250,191.76,17037,D,,,,,,
1022079,2026-02-12,DGX,Plewman Patrick,,0001022079-26-000008,2026-01-28,A,48,183.512,15381,D,,,,,,
1022079,2026-02-12,DGX,Plewman Patrick,,0001022079-26-000008,2026-02-10,M,5662,121.805,21043,D,,,,,,
1022079,2026-02-12,DGX,Plewman Patrick,,0001022079-26-000008,2026-02-10,S,5662,204.0,15381,D,,,,,,
1022079,2026-02-17,DGX,Doherty Catherine T.,,0001022079-26-000009,2026-02-13,M,26165,112.17,94233,D,,,,,,
1022079,2026-02-17,DGX,Doherty Catherine T.,,0001022079-26-000009,2026-02-13,S,10573,205.2072,83660,D,,,,,,
1022079,2026-02-20,DGX,DELANEY MARK E,,0001955265-26-000002,2026-02-18,F,205,210.01,8911,D,,,,,,
1022079,2026-02-20,DGX,Plewman Patrick,,0001497368-26-000002,2026-02-18,F,244,210.01,17089,D,,,,,,
1022079,2026-02-20,DGX,SAMAD SAM,,0001694295-26-000002,2026-02-18,F,855,210.01,28851,D,,,,,,
1022079,2026-02-20,DGX,PREVOZNIK MICHAEL E,,0001222679-26-000002,2026-02-18,F,301,210.01,39829,D,,,,,,
1022079,2026-02-20,DGX,KUPPUSAMY KARTHIK,,0001955217-26-000002,2026-02-18,A,2135,0.0,10049,D,,,,,,
1022079,2026-02-20,DGX,PREVOZNIK MICHAEL E,,0001222679-26-000002,2026-02-18,A,2013,0.0,40130,D,,,,,,
1022079,2026-02-20,DGX,Doherty Catherine T.,,0001520897-26-000003,2026-02-19,S,1433,204.83,68402,D,,,,,,
1022079,2026-02-20,DGX,Davis J. E.,,0001599837-26-000002,2026-02-18,A,15857,0.0,136337,D,,,,,,
1022079,2026-02-20,DGX,Doherty Catherine T.,,0001520897-26-000003,2026-02-18,F,433,210.01,70563,D,,,,,,
1022079,2026-02-20,DGX,KUPPUSAMY KARTHIK,,0001955217-26-000002,2026-02-18,F,252,210.01,8173,D,,,,,,
1022079,2026-02-20,DGX,Deppe Michael J,,0001771759-26-000002,2026-02-18,A,366,0.0,34742,D,,,,,,
1022079,2026-02-20,DGX,SAMAD SAM,,0001694295-26-000002,2026-01-28,A,69,183.514,27910,D,,,,,,
1022079,2026-02-20,DGX,DELANEY MARK E,,0001955265-26-000002,2026-01-28,L,15,183.51,8696,D,,,,,,
1022079,2026-02-20,DGX,Lassiter Wright III,,0001022079-26-000011,2026-01-28,L,7,183.51,9057,D,,,,,,
1022079,2026-02-20,DGX,CARTER ROBERT B,,0001197607-26-000002,2026-01-28,L,6,183.51,2704,D,,,,,,
1022079,2026-02-20,DGX,KUPPUSAMY KARTHIK,,0001955217-26-000002,2026-01-28,L,16,183.516,10065,D,,,,,,
1022079,2026-02-20,DGX,Deppe Michael J,,0001771759-26-000002,2026-02-18,F,83,210.01,34659,D,,,,,,
1022079,2026-02-20,DGX,DELANEY MARK E,,0001955265-26-000002,2026-02-18,A,1586,0.0,9116,D,,,,,,
1022079,2026-02-20,DGX,Davis J. E.,,0001599837-26-000002,2026-02-18,F,2396,210.01,133941,D,,,,,,
1022079,2026-02-20,DGX,Gregg Vicky B,,0001510304-26-000002,2026-01-28,L,67,183.513,17104,D,,,,,,
1022079,2026-02-20,DGX,Plewman Patrick,,0001497368-26-000002,2026-02-18,A,1952,0.0,17333,D,,,,,,
1022079,2026-02-20,DGX,SAMAD SAM,,0001694295-26-000002,2026-02-18,A,3965,0.0,29706,D,,,,,,
1022079,2026-02-20,DGX,PREVOZNIK MICHAEL E,,0001222679-26-000002,2026-02-19,S,1111,204.83,38371,D,,,,,,
1022079,2026-02-20,DGX,Doherty Catherine T.,,0001520897-26-000003,2026-02-18,A,2928,0.0,70996,D,,,,,,
1022079,2026-02-20,DGX,Plewman Patrick,,0001497368-26-000002,2026-02-19,S,958,204.83,15838,D,,,,,,
1022079,2026-03-04,DGX,DELANEY MARK E,,0001022079-26-000018,2026-03-02,F,188,204.86,8508,D,,,,,,
1022079,2026-03-04,DGX,Plewman Patrick,,0001022079-26-000020,2026-03-02,F,230,204.86,15608,D,,,,,,
1022079,2026-03-04,DGX,Davis J. E.,,0001022079-26-000021,2026-03-02,S,10000,212.52,117185,D,,,,,,
1022079,2026-03-04,DGX,KUPPUSAMY KARTHIK,,0001022079-26-000019,2026-03-02,F,205,204.86,9869,D,,,,,,
1022079,2026-03-04,DGX,Plewman Patrick,,0001022079-26-000020,2026-03-03,S,410,207.73,15198,D,,,,,,
1022079,2026-03-04,DGX,Deppe Michael J,,0001022079-26-000017,2026-03-02,F,88,204.86,34473,D,,,,,,
1022079,2026-03-04,DGX,PREVOZNIK MICHAEL E,,0001022079-26-000022,2026-03-03,S,526,207.73,37557,D,,,,,,
1022079,2026-03-04,DGX,Davis J. E.,,0001022079-26-000021,2026-03-02,F,2968,204.86,127185,D,,,,,,
1022079,2026-03-04,DGX,PREVOZNIK MICHAEL E,,0001022079-26-000022,2026-03-02,F,288,204.86,38083,D,,,,,,
1022079,2026-03-04,DGX,Doherty Catherine T.,,0001022079-26-000024,2026-03-03,S,632,207.73,67122,D,,,,,,
1022079,2026-03-04,DGX,SAMAD SAM,,0001022079-26-000023,2026-03-02,F,869,204.86,27041,D,,,,,,
1022079,2026-03-04,DGX,Doherty Catherine T.,,0001022079-26-000024,2026-03-02,F,648,204.86,67754,D,,,,,,
1022079,2026-03-06,DGX,KUPPUSAMY KARTHIK,,0001022079-26-000025,2026-03-04,S,2628,204.86,13441,D,,,,,,
1022079,2026-03-06,DGX,Doherty Catherine T.,,0001022079-26-000031,2026-03-04,A,11364,204.86,78486,D,,,,,,
1022079,2026-03-06,DGX,PREVOZNIK MICHAEL E,,0001022079-26-000029,2026-03-04,F,3354,204.86,41435,D,,,,,,
1022079,2026-03-06,DGX,DELANEY MARK E,,0001022079-26-000030,2026-03-04,A,5682,204.86,14190,D,,,,,,
1022079,2026-03-06,DGX,Deppe Michael J,,0001022079-26-000026,2026-03-04,F,750,204.86,35196,D,,,,,,
1022079,2026-03-06,DGX,Doherty Catherine T.,,0001022079-26-000031,2026-03-04,F,5806,204.86,72680,D,,,,,,
1022079,2026-03-06,DGX,Davis J. E.,,0001022079-26-000028,2026-03-04,A,51652,204.86,168837,D,,,,,,
1022079,2026-03-06,DGX,SAMAD SAM,,0001022079-26-000032,2026-03-04,A,13947,204.86,40988,D,,,,,,
1022079,2026-03-06,DGX,Plewman Patrick,,0001022079-26-000027,2026-03-04,A,5682,204.86,20880,D,,,,,,
1022079,2026-03-06,DGX,Doherty Catherine T.,,0001022079-26-000031,2026-03-05,S,5558,206.21,67122,D,,,,,,
1022079,2026-03-06,DGX,KUPPUSAMY KARTHIK,,0001022079-26-000025,2026-03-04,A,6200,204.86,16069,D,,,,,,
1022079,2026-03-06,DGX,PREVOZNIK MICHAEL E,,0001022079-26-000029,2026-03-05,S,3878,206.21,37557,D,,,,,,
1022079,2026-03-06,DGX,Deppe Michael J,,0001022079-26-000026,2026-03-04,A,1473,204.86,35946,D,,,,,,
1022079,2026-03-06,DGX,DELANEY MARK E,,0001022079-26-000030,2026-03-04,F,2326,204.86,11864,D,,,,,,
1022079,2026-03-06,DGX,Davis J. E.,,0001022079-26-000028,2026-03-04,F,26414,204.86,142423,D,,,,,,
1022079,2026-03-06,DGX,SAMAD SAM,,0001022079-26-000032,2026-03-04,F,7720,204.86,33268,D,,,,,,
1022079,2026-03-06,DGX,Plewman Patrick,,0001022079-26-000027,2026-03-04,F,2827,204.86,18053,D,,,,,,
1022079,2026-03-06,DGX,Plewman Patrick,,0001022079-26-000027,2026-03-05,S,2855,206.21,15198,D,,,,,,
1022079,2026-03-06,DGX,PREVOZNIK MICHAEL E,,0001022079-26-000029,2026-03-04,A,7232,204.86,44789,D,,,,,,
1022079,2026-03-11,DGX,WENTWORTH TIMOTHY C,,0001252016-26-000004,2026-03-09,A,215,0.0,215,D,,,,,,
1022079,2026-04-24,DGX,SAMAD SAM,,0001022079-26-000050,2026-04-20,A,108,194.698,33376,D,non_derivative,Common Stock,,,,
1022079,2026-04-24,DGX,DELANEY MARK E,,0001022079-26-000044,2026-04-20,L,37,194.696,11901,D,non_derivative,Common Stock,,,,
1022079,2026-04-24,DGX,Plewman Patrick,,0001022079-26-000049,2026-04-20,L,49,194.699,15247,D,non_derivative,Common Stock,,,,
1022079,2026-04-24,DGX,KUPPUSAMY KARTHIK,,0001022079-26-000045,2026-04-20,L,39,194.699,13490,D,non_derivative,Common Stock,,,,
1022079,2026-04-24,DGX,KUPPUSAMY KARTHIK,,0001022079-26-000045,2026-04-20,L,39,194.699,13490,D,,,,,,
1022079,2026-04-24,DGX,Gregg Vicky B,,0001022079-26-000048,2026-04-20,A,68,194.698,17172,D,non_derivative,Common Stock,,,,
1022079,2026-04-24,DGX,DELANEY MARK E,,0001022079-26-000044,2026-04-20,L,37,194.696,11901,D,,,,,,
1022079,2026-04-24,DGX,CARTER ROBERT B,,0001022079-26-000047,2026-04-20,L,7,194.699,2711,D,non_derivative,Common Stock,,,,
1022079,2026-04-24,DGX,Gregg Vicky B,,0001022079-26-000048,2026-04-20,A,68,194.698,17172,D,,,,,,
1022079,2026-04-24,DGX,Lassiter Wright III,,0001022079-26-000046,2026-04-20,L,6,194.699,9063,D,,,,,,
1022079,2026-04-24,DGX,SAMAD SAM,,0001022079-26-000050,2026-04-20,A,108,194.698,33376,D,,,,,,
1022079,2026-04-24,DGX,Plewman Patrick,,0001022079-26-000049,2026-04-20,L,49,194.699,15247,D,,,,,,
1022079,2026-04-24,DGX,CARTER ROBERT B,,0001022079-26-000047,2026-04-20,L,7,194.699,2711,D,,,,,,
1022079,2026-04-24,DGX,Lassiter Wright III,,0001022079-26-000046,2026-04-20,L,6,194.699,9063,D,non_derivative,Common Stock,,,,
1022079,2026-05-21,DGX,WENTWORTH TIMOTHY C,,0001252016-26-000007,2026-05-20,A,1142,0.0,1358,D,,,,,,
1022079,2026-05-21,DGX,Lassiter Wright III,,0001805909-26-000007,2026-05-20,A,1142,0.0,10317,D,,,,,,
1022079,2026-05-21,DGX,MORRISON DENISE M,,0001230166-26-000008,2026-05-20,A,1142,0.0,11929,D,non_derivative,Common Stock,,,,
1022079,2026-05-21,DGX,RING TIMOTHY M,,0001204666-26-000002,2026-05-20,A,1142,0.0,31140,D,,,,,,
1022079,2026-05-21,DGX,Diaz Luis,,0001720081-26-000002,2026-05-20,A,1142,0.0,5196,D,,,,,,
1022079,2026-05-21,DGX,Gregg Vicky B,,0001510304-26-000005,2026-05-20,A,1142,0.0,18314,D,non_derivative,Common Stock,,,,
1022079,2026-05-21,DGX,Lassiter Wright III,,0001805909-26-000007,2026-05-20,A,1142,0.0,10317,D,non_derivative,Common Stock,,,,
1022079,2026-05-21,DGX,MORRISON DENISE M,,0001230166-26-000008,2026-05-20,A,1142,0.0,11929,D,,,,,,
1022079,2026-05-21,DGX,RING TIMOTHY M,,0001204666-26-000002,2026-05-20,A,1142,0.0,31140,D,non_derivative,Common Stock,,,,
1022079,2026-05-21,DGX,Doi Tracey,,0001527766-26-000002,2026-05-20,A,1142,0.0,7748,D,,,,,,
1022079,2026-05-21,DGX,PFEIFFER GARY M,,0001127304-26-000002,2026-05-20,A,1142,0.0,31005,D,,,,,,
1022079,2026-05-21,DGX,MAIN TIMOTHY L,,0001196744-26-000002,2026-05-20,A,1142,0.0,27439,D,,,,,,
1022079,2026-05-21,DGX,CARTER ROBERT B,,0001197607-26-000005,2026-05-20,A,1142,0.0,3853,D,non_derivative,Common Stock,,,,
1022079,2026-05-21,DGX,PFEIFFER GARY M,,0001127304-26-000002,2026-05-20,A,1142,0.0,31005,D,non_derivative,Common Stock,,,,
1022079,2026-05-21,DGX,Diaz Luis,,0001720081-26-000002,2026-05-20,A,1142,0.0,5196,D,non_derivative,Common Stock,,,,
1022079,2026-05-21,DGX,WENTWORTH TIMOTHY C,,0001252016-26-000007,2026-05-20,A,1142,0.0,1358,D,non_derivative,Common Stock,,,,
1022079,2026-05-21,DGX,MAIN TIMOTHY L,,0001196744-26-000002,2026-05-20,A,1142,0.0,27439,D,non_derivative,Common Stock,,,,
1022079,2026-05-21,DGX,Doi Tracey,,0001527766-26-000002,2026-05-20,A,1142,0.0,7748,D,non_derivative,Common Stock,,,,
1022079,2026-05-21,DGX,Gregg Vicky B,,0001510304-26-000005,2026-05-20,A,1142,0.0,18314,D,,,,,,
1022079,2026-05-21,DGX,CARTER ROBERT B,,0001197607-26-000005,2026-05-20,A,1142,0.0,3853,D,,,,,,
1022079,2026-06-02,DGX,Davis J. E.,,0001599837-26-000005,2026-06-01,S,10000,194.14,132423,D,non_derivative,Common Stock,,,,
1022079,2026-06-08,DGX,KUPPUSAMY KARTHIK,,0001022079-26-000053,2026-06-04,M,3320,127.725,16830,D,non_derivative,Common Stock,,,,
1022079,2026-06-08,DGX,KUPPUSAMY KARTHIK,,0001022079-26-000053,2026-06-04,M,3320,127.725,0,D,derivative,Non-Qualifed Stock Option (right to buy),Common Stock,3320.0,127.725,2032-02-24
1022079,2026-06-08,DGX,KUPPUSAMY KARTHIK,,0001022079-26-000053,2026-06-04,S,8147,200.0,13510,D,non_derivative,Common Stock,,,,
1022079,2026-07-02,DGX,WENTWORTH TIMOTHY C,,0001022079-26-000060,2026-07-01,A,144,0.0,342,D,derivative,Phantom Stock Units,Common Stock,144.0,0.0,
1022079,2026-07-27,DGX,DELANEY MARK E,,0001022079-26-000079,2026-07-22,L,34,206.807,11935,D,non_derivative,Common Stock,,,,
1022079,2026-07-27,DGX,Lassiter Wright III,,0001022079-26-000080,2026-07-22,L,6,206.813,10323,D,non_derivative,Common Stock,,,,
1022079,2026-07-27,DGX,KUPPUSAMY KARTHIK,,0001022079-26-000086,2026-07-22,L,37,206.807,13557,D,non_derivative,Common Stock,,,,
1022079,2026-07-27,DGX,CARTER ROBERT B,,0001022079-26-000085,2026-07-22,L,11,206.804,3864,D,non_derivative,Common Stock,,,,
1022079,2026-07-27,DGX,Gregg Vicky B,,0001022079-26-000084,2026-07-22,A,72,206.808,18386,D,non_derivative,Common Stock,,,,
1022079,2026-07-27,DGX,Plewman Patrick,,0001022079-26-000083,2026-07-22,L,46,206.807,15293,D,non_derivative,Common Stock,,,,
1022079,2026-07-27,DGX,MAIN TIMOTHY L,,0001022079-26-000082,2026-07-22,L,21,206.81,22460,D,non_derivative,Common Stock,,,,
1022079,2026-07-27,DGX,SAMAD SAM,,0001022079-26-000081,2026-07-22,A,102,206.807,33478,D,non_derivative,Common Stock,,,,
1022079,2026-07-29,DGX,DELANEY MARK E,,0001022079-26-000087,2026-07-28,S,1600,235.18,10335,D,non_derivative,Common Stock,,,,
