cik,filingDate,issuerTradingSymbol,reportingOwnerName,reportingOwnerRelationship,accessionNumber,transactionDate,transactionCode,transactionShares,transactionPricePerShare,sharesOwnedFollowingTransaction,directOrIndirectOwnership
0000055067,2019-08-20,K,KELLOGG W K FOUNDATION TRUST,,0001209191-19-046804,2019-08-20,S,100000,63.2225,63531838,D
0000055067,2019-09-10,K,KELLOGG W K FOUNDATION TRUST,,0001209191-19-049004,2019-09-10,S,100000,63.0879,63431838,D
0000055067,2019-09-20,K,KELLOGG W K FOUNDATION TRUST,,0001209191-19-050303,2019-09-20,S,100000,63.9601,63331838,D
0000055067,2019-10-10,K,KELLOGG W K FOUNDATION TRUST,,0001209191-19-052956,2019-10-10,S,100000,62.3125,63231838,D
0000055067,2019-10-18,K,HOOD CHRISTOPHER M,,0001225208-19-013651,2019-10-17,A,8540.0000,0.0000,23278.0000,D
0000055067,2019-10-18,K,HOOD CHRISTOPHER M,,0001225208-19-013651,2019-10-17,F,3489.0000,62.2100,19789.0000,D
0000055067,2019-10-18,K,MEJIA MARIA FERNANDA,,0001225208-19-013650,2019-10-17,A,8390.0000,0.0000,30991.0000,D
0000055067,2019-10-18,K,MEJIA MARIA FERNANDA,,0001225208-19-013650,2019-10-17,F,3134.0000,62.2100,27857.0000,D
0000055067,2019-10-18,K,BANATI AMIT,,0001225208-19-013649,2019-10-17,A,8390.0000,0.0000,33194.0000,D
0000055067,2019-10-18,K,BANATI AMIT,,0001225208-19-013649,2019-10-17,F,191.0000,62.2100,33003.0000,D
0000055067,2019-10-18,K,Hirst Alistair D,,0001225208-19-013648,2019-10-17,A,8930.0000,0.0000,40082.2006,D
0000055067,2019-10-18,K,Hirst Alistair D,,0001225208-19-013648,2019-10-17,F,3939.0000,62.2100,36143.2006,D
0000055067,2019-10-18,K,PILNICK GARY H,,0001225208-19-013647,2019-10-17,A,10660.0000,0.0000,75554.2214,D
0000055067,2019-10-18,K,PILNICK GARY H,,0001225208-19-013647,2019-10-17,F,4702.0000,62.2100,70852.2214,D
0000055067,2019-10-21,K,KELLOGG W K FOUNDATION TRUST,,0001209191-19-053697,2019-10-21,S,100000,62.5602,63131838,D
0000055067,2019-11-01,K,Hirst Alistair D,,0001225208-19-013998,2019-10-31,S,2500.0000,63.8800,33643.2006,D
0000055067,2019-11-01,K,PILNICK GARY H,,0001225208-19-013997,2019-10-31,S,20655.0000,63.7306,50197.2214,D
0000055067,2019-11-06,K,MEJIA MARIA FERNANDA,,0001225208-19-014199,2019-11-05,S,2136.0000,63.7000,25721.0000,D
0000055067,2019-11-12,K,KELLOGG W K FOUNDATION TRUST,,0001209191-19-055928,2019-11-11,S,100000,63.3945,63031838,D
0000055067,2019-11-20,K,KELLOGG W K FOUNDATION TRUST,,0001209191-19-057449,2019-11-20,S,100000,65.1855,62931838,D
0000055067,2019-12-10,K,KELLOGG W K FOUNDATION TRUST,,0001209191-19-059901,2019-12-10,S,100000,66.7117,62831838,D
0000055067,2019-12-20,K,KELLOGG W K FOUNDATION TRUST,,0001209191-19-061500,2019-12-20,S,100000,68.2751,62731838,D
0000055067,2020-01-10,K,KELLOGG W K FOUNDATION TRUST,,0001209191-20-003061,2020-01-10,S,100000,69.3262,62631838,D
0000055067,2020-01-21,K,KELLOGG W K FOUNDATION TRUST,,0001209191-20-004287,2020-01-21,S,100000,70.6145,62531838,D
0000055067,2020-02-10,K,KELLOGG W K FOUNDATION TRUST,,0001209191-20-008033,2020-02-10,S,100000,63.9761,62431838,D
0000055067,2020-02-12,K,CAHILLANE STEVEN A,,0001225208-20-001963,2020-02-10,P,16810.0000,65.3336,50565.0000,D
0000055067,2020-02-19,K,PILNICK GARY H,,0001225208-20-002757,2020-02-17,M,2400.0000,0,52440.7210,D
0000055067,2020-02-19,K,PILNICK GARY H,,0001225208-20-002757,2020-02-17,F,706.0000,67.7100,51734.7210,D
0000055067,2020-02-19,K,Howell Melissa A,,0001225208-20-002756,2020-02-17,M,1400.0000,0,9563.0000,D
0000055067,2020-02-19,K,Howell Melissa A,,0001225208-20-002756,2020-02-17,F,444.0000,67.7100,9119.0000,D
0000055067,2020-02-19,K,FORCHE KURT D,,0001225208-20-002755,2020-02-17,M,760.0000,0,1355.7432,D
0000055067,2020-02-19,K,FORCHE KURT D,,0001225208-20-002755,2020-02-17,F,266.0000,67.7100,1089.7432,D
0000055067,2020-02-19,K,Hirst Alistair D,,0001225208-20-002754,2020-02-17,M,1600.0000,0,35965.0986,D
0000055067,2020-02-19,K,Hirst Alistair D,,0001225208-20-002754,2020-02-17,F,437.0000,67.7100,35528.0986,D
0000055067,2020-02-19,K,LAWLOR DAVID,,0001225208-20-002753,2020-02-17,M,2300.0000,0,11146.2640,D
0000055067,2020-02-19,K,LAWLOR DAVID,,0001225208-20-002753,2020-02-17,F,1478.0000,67.7100,9668.2640,D
0000055067,2020-02-19,K,BANATI AMIT,,0001225208-20-002752,2020-02-17,M,1300.0000,0,34303.0000,D
0000055067,2020-02-19,K,BANATI AMIT,,0001225208-20-002752,2020-02-17,F,157.0000,67.7100,34146.0000,D
0000055067,2020-02-19,K,HOOD CHRISTOPHER M,,0001225208-20-002751,2020-02-17,M,1900.0000,0,21689.0000,D
0000055067,2020-02-19,K,HOOD CHRISTOPHER M,,0001225208-20-002751,2020-02-17,F,520.0000,67.7100,21169.0000,D
0000055067,2020-02-19,K,AMAYA NICOLAS,,0001225208-20-002750,2020-02-17,M,1600.0000,0,2982.0000,D
0000055067,2020-02-19,K,AMAYA NICOLAS,,0001225208-20-002750,2020-02-17,F,544.0000,67.7100,2438.0000,D
0000055067,2020-02-20,K,KELLOGG W K FOUNDATION TRUST,,0001209191-20-011122,2020-02-20,S,100000,65.4563,62331838,D
0000055067,2020-02-25,K,Hirst Alistair D,,0001225208-20-003449,2020-02-21,A,7290.0000,0.0000,42818.0986,D
0000055067,2020-02-25,K,Hirst Alistair D,,0001225208-20-003449,2020-02-21,F,2143.0000,65.5200,40675.0986,D
0000055067,2020-02-25,K,PILNICK GARY H,,0001225208-20-003448,2020-02-21,A,10980.0000,0.0000,62714.7210,D
0000055067,2020-02-25,K,PILNICK GARY H,,0001225208-20-003448,2020-02-21,F,3203.0000,65.5200,59511.7210,D
0000055067,2020-02-25,K,HOOD CHRISTOPHER M,,0001225208-20-003443,2020-02-21,A,8640.0000,0.0000,29809.0000,D
0000055067,2020-02-25,K,HOOD CHRISTOPHER M,,0001225208-20-003443,2020-02-21,F,2420.0000,65.5200,27389.0000,D
0000055067,2020-02-25,K,Howell Melissa A,,0001225208-20-003442,2020-02-21,A,6480.0000,0.0000,15599.0000,D
0000055067,2020-02-25,K,Howell Melissa A,,0001225208-20-003442,2020-02-21,F,1921.0000,65.5200,13678.0000,D
0000055067,2020-02-25,K,BANATI AMIT,,0001225208-20-003440,2020-02-21,A,5940.0000,0.0000,40086.0000,D
0000055067,2020-02-25,K,BANATI AMIT,,0001225208-20-003440,2020-02-21,F,422.0000,65.5200,39664.0000,D
0000055067,2020-03-10,K,KELLOGG W K FOUNDATION TRUST,,0001209191-20-017658,2020-03-10,S,100000,62.5467,62231838,D
0000055067,2020-03-20,K,KELLOGG W K FOUNDATION TRUST,,0001209191-20-020472,2020-03-20,S,100000,58.0917,62131838,D
0000055067,2020-04-13,K,KELLOGG W K FOUNDATION TRUST,,0001209191-20-024208,2020-04-13,S,100000,62.1433,62031838,D
0000055067,2020-04-20,K,KELLOGG W K FOUNDATION TRUST,,0001209191-20-025088,2020-04-20,S,100000,65.8864,61931838,D
0000055067,2020-05-05,K,TASTAD CAROLYN M,,0001225208-20-007105,2020-05-04,A,2435.0000,0.0000,13631.3660,I
0000055067,2020-05-05,K,MONTGOMERY TABRON LA JUNE,,0001225208-20-007104,2020-05-04,A,2435.0000,0.0000,18527.4460,I
0000055067,2020-05-05,K,Mann Erica L,,0001225208-20-007103,2020-05-04,A,2435.0000,0.0000,5680.1520,I
0000055067,2020-05-05,K,Laschinger Mary A,,0001225208-20-007102,2020-05-04,A,2435.0000,0.0000,22694.7580,I
0000055067,2020-05-05,K,KNAUSS DONALD R,,0001225208-20-007100,2020-05-04,A,2435.0000,0.0000,40013.0280,I
0000055067,2020-05-05,K,JENNESS JAMES M,,0001225208-20-007099,2020-05-04,A,2435.0000,0.0000,29170.3340,I
0000055067,2020-05-05,K,Gund G Zachary,,0001225208-20-007098,2020-05-04,A,2435.0000,0.0000,16335.7090,I
0000055067,2020-05-05,K,Gillum Roderick D.,,0001225208-20-007097,2020-05-04,A,2435.0000,0.0000,5680.1520,I
0000055067,2020-05-05,K,DREILING RICHARD W,,0001225208-20-007095,2020-05-04,A,2435.0000,0.0000,12199.2700,I
0000055067,2020-05-05,K,CAST CARTER A,,0001225208-20-007094,2020-05-04,A,2435.0000,0.0000,9910.1810,I
0000055067,2020-05-05,K,BURNS STEPHANIE,,0001225208-20-007093,2020-05-04,A,2435.0000,0.0000,18527.4460,I
0000055067,2020-05-11,K,KELLOGG W K FOUNDATION TRUST,,0001209191-20-028334,2020-05-11,S,100000,63.6917,61831838,D
0000055067,2020-05-20,K,KELLOGG W K FOUNDATION TRUST,,0001209191-20-030843,2020-05-20,S,100000,62.3145,61731838,D
0000055067,2020-06-10,K,KELLOGG W K FOUNDATION TRUST,,0001209191-20-035547,2020-06-10,S,100000,66.5263,61631838,D
0000055067,2020-06-22,K,KELLOGG W K FOUNDATION TRUST,,0001209191-20-038230,2020-06-22,S,100000,66.7248,61531838,D
0000055067,2020-07-10,K,KELLOGG W K FOUNDATION TRUST,,0001209191-20-042169,2020-07-10,S,100000,66.941,61431838,D
0000055067,2020-07-20,K,KELLOGG W K FOUNDATION TRUST,,0001209191-20-043058,2020-07-20,S,100000,67.4768,61331838,D
0000055067,2020-08-04,K,Hirst Alistair D,,0001225208-20-010212,2020-08-03,S,7500.0000,69.1496,33175.0986,D
0000055067,2020-08-04,K,AMAYA NICOLAS,,0001225208-20-010211,2020-08-03,M,2300.0000,52.5300,4738.0000,D
0000055067,2020-08-04,K,AMAYA NICOLAS,,0001225208-20-010211,2020-08-03,M,2000.0000,53.0100,6738.0000,D
0000055067,2020-08-04,K,AMAYA NICOLAS,,0001225208-20-010211,2020-08-03,S,3583.0000,69.1664,3155.0000,D
0000055067,2020-08-04,K,CAHILLANE STEVEN A,,0001225208-20-010210,2020-08-03,P,2727.0000,69.3156,53292.0000,D
0000055067,2020-08-10,K,KELLOGG W K FOUNDATION TRUST,,0001209191-20-045991,2020-08-10,S,100000,68.9873,61231838,D
0000055067,2020-08-20,K,KELLOGG W K FOUNDATION TRUST,,0001209191-20-047735,2020-08-20,S,100000,68.8107,61131838,D
0000055067,2020-09-10,K,KELLOGG W K FOUNDATION TRUST,,0001209191-20-049994,2020-09-10,S,83333,66.6075,61048505,D
0000055067,2020-09-21,K,KELLOGG W K FOUNDATION TRUST,,0001209191-20-051297,2020-09-21,S,83334,62.5735,60965171,D
0000055067,2020-10-05,K,CAHILLANE STEVEN A,,0001225208-20-012218,2020-10-02,M,47350.0000,0,100642.0000,D
0000055067,2020-10-05,K,CAHILLANE STEVEN A,,0001225208-20-012218,2020-10-02,F,20882.0000,64.7100,79760.0000,D
0000055067,2020-10-13,K,KELLOGG W K FOUNDATION TRUST,,0001209191-20-054593,2020-10-12,S,83333,66.4417,60881838,D
0000055067,2020-10-20,K,KELLOGG W K FOUNDATION TRUST,,0001209191-20-055382,2020-10-20,S,83334,66.5266,60798504,D
0000055067,2020-11-04,K,HOOD CHRISTOPHER M,,0001225208-20-013019,2020-11-03,S,1700.0000,64.5972,25689.0000,D
0000055067,2020-11-10,K,KELLOGG W K FOUNDATION TRUST,,0001209191-20-057683,2020-11-10,S,83333,63.318,60715171,D
0000055067,2020-11-20,K,KELLOGG W K FOUNDATION TRUST,,0001209191-20-059621,2020-11-20,S,83334,64.8297,60631837,D
0000055067,2020-12-10,K,KELLOGG W K FOUNDATION TRUST,,0001209191-20-062818,2020-12-10,S,83333,61.9822,60548504,D
0000055067,2020-12-21,K,KELLOGG W K FOUNDATION TRUST,,0001209191-20-064613,2020-12-21,S,83334,60.9419,60465170,D
0000055067,2021-01-11,K,KELLOGG W K FOUNDATION TRUST,,0001209191-21-003037,2021-01-11,S,83333,59.6607,60381837,D
0000055067,2021-01-20,K,KELLOGG W K FOUNDATION TRUST,,0001209191-21-004361,2021-01-20,S,83334,57.4522,60298503,D
0000055067,2021-02-16,K,KELLOGG W K FOUNDATION TRUST,,0001209191-21-010548,2021-02-12,S,83333,57.2246,60215170,D
0000055067,2021-02-18,K,PILNICK GARY H,,0001225208-21-003024,2021-02-16,M,2700.0000,0,10511.1368,D
0000055067,2021-02-18,K,PILNICK GARY H,,0001225208-21-003024,2021-02-16,F,737.0000,56.8600,9774.1368,D
0000055067,2021-02-18,K,HOOD CHRISTOPHER M,,0001225208-21-003023,2021-02-16,M,2200.0000,0,27889.0000,D
0000055067,2021-02-18,K,HOOD CHRISTOPHER M,,0001225208-21-003023,2021-02-16,F,673.0000,56.8600,27216.0000,D
0000055067,2021-02-18,K,BANATI AMIT,,0001225208-21-003026,2021-02-16,M,1800.0000,0,41464.0000,D
0000055067,2021-02-18,K,BANATI AMIT,,0001225208-21-003026,2021-02-16,F,849.0000,56.8600,40615.0000,D
0000055067,2021-02-18,K,AMAYA NICOLAS,,0001225208-21-003022,2021-02-16,M,1870.0000,0,5025.0000,D
0000055067,2021-02-18,K,AMAYA NICOLAS,,0001225208-21-003022,2021-02-16,F,634.0000,56.8600,4391.0000,D
0000055067,2021-02-18,K,LAWLOR DAVID,,0001225208-21-003025,2021-02-16,M,2750.0000,0,12460.1970,D
0000055067,2021-02-18,K,LAWLOR DAVID,,0001225208-21-003025,2021-02-16,F,1430.0000,56.8600,11030.1970,D
0000055067,2021-02-18,K,Howell Melissa A,,0001225208-21-003021,2021-02-16,M,1700.0000,0,15378.0000,D
0000055067,2021-02-18,K,Howell Melissa A,,0001225208-21-003021,2021-02-16,F,561.0000,56.8600,14817.0000,D
0000055067,2021-02-18,K,Hirst Alistair D,,0001225208-21-003020,2021-02-16,M,2300.0000,0,36151.6154,D
0000055067,2021-02-18,K,Hirst Alistair D,,0001225208-21-003020,2021-02-16,F,628.0000,56.8600,35523.6154,D
0000055067,2021-02-18,K,FORCHE KURT D,,0001225208-21-003019,2021-02-16,M,996.0000,0,2085.9126,D
0000055067,2021-02-18,K,FORCHE KURT D,,0001225208-21-003019,2021-02-16,F,348.0000,56.8600,1737.9126,D
0000055067,2021-02-22,K,KELLOGG W K FOUNDATION TRUST,,0001209191-21-012648,2021-02-22,S,83334,58.2799,60131836,D
0000055067,2021-02-23,K,HOOD CHRISTOPHER M,,0001225208-21-003461,2021-02-19,A,10800.0000,0.0000,38016.0000,D
0000055067,2021-02-23,K,HOOD CHRISTOPHER M,,0001225208-21-003461,2021-02-19,F,3287.0000,57.9100,34729.0000,D
0000055067,2021-02-23,K,BANATI AMIT,,0001225208-21-003460,2021-02-19,A,8800.0000,0.0000,49415.0000,D
0000055067,2021-02-23,K,BANATI AMIT,,0001225208-21-003460,2021-02-19,F,3921.0000,57.9100,45494.0000,D
0000055067,2021-02-23,K,PILNICK GARY H,,0001225208-21-003455,2021-02-19,A,13600.0000,0.0000,23374.1368,D
0000055067,2021-02-23,K,PILNICK GARY H,,0001225208-21-003455,2021-02-19,F,3988.0000,57.9100,19386.1368,D
0000055067,2021-02-23,K,CAHILLANE STEVEN A,,0001225208-21-003454,2021-02-19,A,61800.0000,0.0000,142293.0410,D
0000055067,2021-02-23,K,CAHILLANE STEVEN A,,0001225208-21-003454,2021-02-19,F,24780.0000,57.9100,117513.0410,D
0000055067,2021-02-23,K,Howell Melissa A,,0001225208-21-003456,2021-02-19,A,8600.0000,0.0000,23417.0000,D
0000055067,2021-02-23,K,Howell Melissa A,,0001225208-21-003456,2021-02-19,F,2498.0000,57.9100,20919.0000,D
0000055067,2021-02-23,K,Hirst Alistair D,,0001225208-21-003451,2021-02-19,A,11300.0000,0.0000,46823.6154,D
0000055067,2021-02-23,K,Hirst Alistair D,,0001225208-21-003451,2021-02-19,F,3331.0000,57.9100,43492.6154,D
0000055067,2021-03-10,K,KELLOGG W K FOUNDATION TRUST,,0001209191-21-019554,2021-03-10,S,83333,59.0239,60048503,D
0000055067,2021-03-22,K,KELLOGG W K FOUNDATION TRUST,,0001209191-21-022387,2021-03-22,S,83334,61.8923,59965169,D
0000055067,2021-04-12,K,KELLOGG W K FOUNDATION TRUST,,0001209191-21-026371,2021-04-12,S,83333,63.2212,59881836,D
0000055067,2021-04-20,K,KELLOGG W K FOUNDATION TRUST,,0001209191-21-027541,2021-04-20,S,83334,64.0901,59798502,D
0000055067,2021-05-10,K,KELLOGG W K FOUNDATION TRUST,,0001209191-21-031356,2021-05-10,S,83333,67.5468,59715169,D
0000055067,2021-05-11,K,TASTAD CAROLYN M,,0001225208-21-007957,2021-05-10,A,2273.0000,0.0000,16373.6900,I
0000055067,2021-05-11,K,SCHLOTMAN J MICHAEL,,0001225208-21-007956,2021-05-10,A,3541.0000,0.0000,3541.0000,I
0000055067,2021-05-11,K,MONTGOMERY TABRON LA JUNE,,0001225208-21-007955,2021-05-10,A,2273.0000,0.0000,21446.3610,I
0000055067,2021-05-11,K,Mann Erica L,,0001225208-21-007954,2021-05-10,A,2273.0000,0.0000,8135.6900,I
0000055067,2021-05-11,K,Laschinger Mary A,,0001225208-21-007952,2021-05-10,A,2273.0000,0.0000,25763.9810,I
0000055067,2021-05-11,K,KNAUSS DONALD R,,0001225208-21-007951,2021-05-10,A,2273.0000,0.0000,43706.8880,I
0000055067,2021-05-11,K,Gillum Roderick D.,,0001225208-21-007953,2021-05-10,A,2273.0000,0.0000,8135.6900,I
0000055067,2021-05-11,K,DREILING RICHARD W,,0001225208-21-007950,2021-05-10,A,2273.0000,0.0000,14889.9410,I
0000055067,2021-05-11,K,CAST CARTER A,,0001225208-21-007949,2021-05-10,A,2273.0000,0.0000,12518.2880,I
0000055067,2021-05-11,K,Gund G Zachary,,0001225208-21-007948,2021-05-10,A,2273.0000,0.0000,19175.5730,I
0000055067,2021-05-11,K,BURNS STEPHANIE,,0001225208-21-007947,2021-05-10,A,2273.0000,0.0000,21446.3610,I
0000055067,2021-05-11,K,HOOD CHRISTOPHER M,,0001225208-21-007946,2021-05-10,S,3000.0000,67.1500,31729.0000,D
0000055067,2021-05-20,K,KELLOGG W K FOUNDATION TRUST,,0001209191-21-034361,2021-05-20,S,83334,66.3807,59631835,D
0000055067,2021-06-11,K,KELLOGG W K FOUNDATION TRUST,,0001209191-21-039770,2021-06-10,S,83333,65.054,59548502,D
0000055067,2021-06-21,K,KELLOGG W K FOUNDATION TRUST,,0001209191-21-042190,2021-06-21,S,83334,63.8335,59465168,D
0000055067,2021-07-13,K,KELLOGG W K FOUNDATION TRUST,,0001209191-21-046461,2021-07-12,S,83333,63.7932,59381835,D
0000055067,2021-07-20,K,KELLOGG W K FOUNDATION TRUST,,0001209191-21-047353,2021-07-20,S,83334,64.8954,59298501,D
0000055067,2021-08-10,K,KELLOGG W K FOUNDATION TRUST,,0001209191-21-050647,2021-08-10,S,83331,63.7886,59215170,D
0000055067,2021-08-23,K,KELLOGG W K FOUNDATION TRUST,,0001209191-21-052890,2021-08-20,S,83332,66.3836,59131838,D
0000055067,2021-09-10,K,KELLOGG W K FOUNDATION TRUST,,0001209191-21-055431,2021-09-10,S,83333,62.6078,59048505,D
0000055067,2021-09-20,K,KELLOGG W K FOUNDATION TRUST,,0001209191-21-056891,2021-09-20,S,83334,63.4324,58965171,D
0000055067,2021-10-12,K,KELLOGG W K FOUNDATION TRUST,,0001209191-21-060265,2021-10-11,S,83333,62.7346,58881838,D
0000055067,2021-10-20,K,KELLOGG W K FOUNDATION TRUST,,0001209191-21-061116,2021-10-20,S,83334,61.9063,58798504,D
0000055067,2021-11-10,K,KELLOGG W K FOUNDATION TRUST,,0001209191-21-063896,2021-11-10,S,83333,63.2171,58715171,D
0000055067,2021-11-22,K,KELLOGG W K FOUNDATION TRUST,,0001209191-21-066130,2021-11-22,S,83334,62.7034,58631837,D
0000055067,2022-02-22,K,KELLOGG W K FOUNDATION TRUST,,0001209191-22-011916,2022-02-22,S,146163,66.0777,58485674,D
0000055067,2022-02-23,K,BANATI AMIT,,0001225208-22-003141,2022-02-18,A,15345.0000,0.0000,60839.9750,D
0000055067,2022-02-23,K,BANATI AMIT,,0001225208-22-003141,2022-02-18,F,4759.0000,66.0700,56080.9750,D
0000055067,2022-02-23,K,BANATI AMIT,,0001225208-22-003141,2022-02-22,M,3069.0250,0,59150.0000,D
0000055067,2022-02-23,K,BANATI AMIT,,0001225208-22-003141,2022-02-22,F,1374.0000,66.1200,57776.0000,D
0000055067,2022-02-23,K,BANATI AMIT,,0001225208-22-003141,2022-02-23,S,11054.0000,66.5268,46722.0000,D
0000055067,2022-02-23,K,AMAYA NICOLAS,,0001225208-22-003139,2022-02-22,M,3682.8310,0,8455.7516,D
0000055067,2022-02-23,K,AMAYA NICOLAS,,0001225208-22-003139,2022-02-22,F,1149.0000,66.1200,7306.7516,D
0000055067,2022-02-23,K,FORCHE KURT D,,0001225208-22-003138,2022-02-18,A,3839.0000,0.0000,5577.8656,D
0000055067,2022-02-23,K,FORCHE KURT D,,0001225208-22-003138,2022-02-18,F,1213.0000,66.0700,4364.8656,D
0000055067,2022-02-23,K,FORCHE KURT D,,0001225208-22-003138,2022-02-22,M,770.0470,0,5134.9126,D
0000055067,2022-02-23,K,FORCHE KURT D,,0001225208-22-003138,2022-02-22,F,229.0000,66.1200,4905.9126,D
0000055067,2022-02-23,K,McGurk Monica Houle,,0001225208-22-003137,2022-02-18,A,9843.0000,0.0000,22534.2879,D
0000055067,2022-02-23,K,McGurk Monica Houle,,0001225208-22-003137,2022-02-18,F,2940.0000,66.0700,19594.2879,D
0000055067,2022-02-23,K,McGurk Monica Houle,,0001225208-22-003137,2022-02-22,M,1975.3360,0,21569.6239,D
0000055067,2022-02-23,K,McGurk Monica Houle,,0001225208-22-003137,2022-02-22,F,580.0000,66.1200,20989.6239,D
0000055067,2022-02-23,K,LAWLOR DAVID,,0001225208-22-003136,2022-02-18,A,10825.0000,0.0000,21900.2520,D
0000055067,2022-02-23,K,LAWLOR DAVID,,0001225208-22-003136,2022-02-18,F,5629.0000,66.0700,16271.2520,D
0000055067,2022-02-23,K,LAWLOR DAVID,,0001225208-22-003136,2022-02-22,M,2165.0560,0,18436.3080,D
0000055067,2022-02-23,K,LAWLOR DAVID,,0001225208-22-003136,2022-02-22,F,1127.0000,66.1200,17309.3080,D
0000055067,2022-02-23,K,PILNICK GARY H,,0001225208-22-003134,2022-02-18,A,20568.0000,0.0000,39955.0628,D
0000055067,2022-02-23,K,PILNICK GARY H,,0001225208-22-003134,2022-02-18,F,6839.0000,66.0700,33116.0628,D
0000055067,2022-02-23,K,PILNICK GARY H,,0001225208-22-003134,2022-02-22,M,4118.0740,0,37234.1368,D
0000055067,2022-02-23,K,PILNICK GARY H,,0001225208-22-003134,2022-02-22,F,1730.0000,66.1200,35504.1368,D
0000055067,2022-02-23,K,PILNICK GARY H,,0001225208-22-003134,2022-02-23,S,14506.0000,66.5295,20998.1368,D
0000055067,2022-02-23,K,Hirst Alistair D,,0001225208-22-003135,2022-02-18,A,15155.0000,0.0000,59041.3589,D
0000055067,2022-02-23,K,Hirst Alistair D,,0001225208-22-003135,2022-02-18,F,4461.0000,66.0700,54580.3589,D
0000055067,2022-02-23,K,Hirst Alistair D,,0001225208-22-003135,2022-02-22,M,3035.5440,0,57615.9029,D
0000055067,2022-02-23,K,Hirst Alistair D,,0001225208-22-003135,2022-02-22,F,1276.0000,66.1200,56339.9029,D
0000055067,2022-02-23,K,Hirst Alistair D,,0001225208-22-003135,2022-02-23,S,12454.0000,66.5241,43885.9029,D
0000055067,2022-02-23,K,HOOD CHRISTOPHER M,,0001225208-22-003133,2022-02-18,A,21651.0000,0.0000,53833.8438,D
0000055067,2022-02-23,K,HOOD CHRISTOPHER M,,0001225208-22-003133,2022-02-18,F,8027.0000,66.0700,45806.8438,D
0000055067,2022-02-23,K,HOOD CHRISTOPHER M,,0001225208-22-003133,2022-02-22,M,4330.1150,0,50136.9588,D
0000055067,2022-02-23,K,HOOD CHRISTOPHER M,,0001225208-22-003133,2022-02-22,F,1965.0000,66.1200,48171.9588,D
0000055067,2022-02-23,K,HOOD CHRISTOPHER M,,0001225208-22-003133,2022-02-23,S,7575.0000,66.5273,40596.9588,D
0000055067,2022-02-23,K,CAHILLANE STEVEN A,,0001225208-22-003132,2022-02-18,A,85576.0000,0.0000,207422.8380,D
0000055067,2022-02-23,K,CAHILLANE STEVEN A,,0001225208-22-003132,2022-02-18,F,36061.0000,66.0700,171361.8380,D
0000055067,2022-02-23,K,Howell Melissa A,,0001225208-22-003131,2022-02-18,A,14073.0000,0.0000,34992.4970,D
0000055067,2022-02-23,K,Howell Melissa A,,0001225208-22-003131,2022-02-18,F,4151.0000,66.0700,30841.4970,D
0000055067,2022-02-23,K,Howell Melissa A,,0001225208-22-003131,2022-02-22,M,2823.5030,0,33665.0000,D
0000055067,2022-02-23,K,Howell Melissa A,,0001225208-22-003131,2022-02-22,F,1087.0000,66.1200,32578.0000,D
0000055067,2022-03-08,K,AMAYA NICOLAS,,0001225208-22-004373,2022-03-04,M,6595.6110,0,13902.7516,D
0000055067,2022-03-08,K,AMAYA NICOLAS,,0001225208-22-004373,2022-03-04,F,1920.0000,64.9500,11982.7516,D
0000055067,2022-03-11,K,KELLOGG W K FOUNDATION TRUST,,0001209191-22-018183,2022-03-10,S,146153,61.2562,58339521,D
0000055067,2022-03-22,K,KELLOGG W K FOUNDATION TRUST,,0001209191-22-020499,2022-03-21,S,146153,61.0178,58193368,D
0000055067,2022-04-12,K,KELLOGG W K FOUNDATION TRUST,,0001209191-22-024144,2022-04-11,S,146153,67.9121,58047215,D
0000055067,2022-04-20,K,KELLOGG W K FOUNDATION TRUST,,0001209191-22-024913,2022-04-20,S,146153,68.3986,57901062,D
0000055067,2022-05-10,K,Gillum Roderick D.,,0001225208-22-006771,2022-05-09,A,2080.0000,0.0000,10495.7530,I
0000055067,2022-05-10,K,CAST CARTER A,,0001225208-22-006770,2022-05-09,A,2080.0000,0.0000,15041.1830,I
0000055067,2022-05-10,K,BURNS STEPHANIE,,0001225208-22-006774,2022-05-09,A,2080.0000,0.0000,24300.9740,I
0000055067,2022-05-10,K,DREILING RICHARD W,,0001225208-22-006773,2022-05-09,A,2080.0000,0.0000,17500.9530,I
0000055067,2022-05-10,K,KNAUSS DONALD R,,0001225208-22-006769,2022-05-09,A,2080.0000,0.0000,47388.5770,I
0000055067,2022-05-10,K,Gund G Zachary,,0001225208-22-006772,2022-05-09,A,2080.0000,0.0000,21945.8150,I
0000055067,2022-05-10,K,Laschinger Mary A,,0001225208-22-006768,2022-05-09,A,2080.0000,0.0000,28779.0110,I
0000055067,2022-05-10,K,MONTGOMERY TABRON LA JUNE,,0001225208-22-006765,2022-05-09,A,2080.0000,0.0000,24300.9740,I
0000055067,2022-05-10,K,SCHLOTMAN J MICHAEL,,0001225208-22-006766,2022-05-09,A,2080.0000,0.0000,5717.9570,I
0000055067,2022-05-10,K,TASTAD CAROLYN M,,0001225208-22-006764,2022-05-09,A,2080.0000,0.0000,19039.8300,I
0000055067,2022-05-10,K,Mann Erica L,,0001225208-22-006767,2022-05-09,A,2080.0000,0.0000,10495.7530,I
0000055067,2022-05-11,K,KELLOGG W K FOUNDATION TRUST,,0001209191-22-028221,2022-05-10,S,146153,74.0627,57754909,D
0000055067,2022-05-20,K,KELLOGG W K FOUNDATION TRUST,,0001209191-22-031021,2022-05-20,S,146153,66.9196,57608756,D
0000055067,2022-06-10,K,KELLOGG W K FOUNDATION TRUST,,0001209191-22-036035,2022-06-10,S,146153,69.2579,57462603,D
0000055067,2022-06-21,K,KELLOGG W K FOUNDATION TRUST,,0001209191-22-038344,2022-06-21,S,146153,70.6129,57316450,D
0000055067,2022-07-11,K,KELLOGG W K FOUNDATION TRUST,,0001209191-22-041834,2022-07-11,S,146153,72.6811,57170297,D
0000055067,2022-07-20,K,KELLOGG W K FOUNDATION TRUST,,0001209191-22-042738,2022-07-20,S,146153,70.7646,57024144,D
0000055067,2022-08-09,K,BANATI AMIT,,0001225208-22-009388,2022-08-05,M,27061.0000,0,73783.0000,D
0000055067,2022-08-09,K,BANATI AMIT,,0001225208-22-009388,2022-08-05,F,10771.0000,75.0400,63012.0000,D
0000055067,2022-08-11,K,KELLOGG W K FOUNDATION TRUST,,0001209191-22-045361,2022-08-10,S,146153,75.2689,56877991,D
0000055067,2022-08-23,K,KELLOGG W K FOUNDATION TRUST,,0001209191-22-047109,2022-08-22,S,146153,75.8052,56731838,D
0000055067,2022-08-30,K,HOOD CHRISTOPHER M,,0001225208-22-009849,2022-08-26,M,41100.0000,60.0100,81696.9588,D
0000055067,2022-08-30,K,HOOD CHRISTOPHER M,,0001225208-22-009849,2022-08-26,S,18835.0000,75.4174,62861.9588,D
0000055067,2022-08-30,K,HOOD CHRISTOPHER M,,0001225208-22-009849,2022-08-26,S,30635.0000,74.6483,32226.9588,D
0000055067,2022-08-30,K,PILNICK GARY H,,0001225208-22-009848,2022-08-26,M,64800.0000,59.9500,64800.0000,I
0000055067,2022-08-30,K,PILNICK GARY H,,0001225208-22-009848,2022-08-26,M,50200.0000,60.0100,115000.0000,I
0000055067,2022-08-30,K,PILNICK GARY H,,0001225208-22-009848,2022-08-26,S,34279.0000,75.4118,80721.0000,I
0000055067,2022-08-30,K,PILNICK GARY H,,0001225208-22-009848,2022-08-26,S,79446.0000,74.6569,1275.0000,I
0000055067,2022-08-30,K,FORCHE KURT D,,0001225208-22-009847,2022-08-26,M,4000.0000,56.7300,8905.9126,D
0000055067,2022-08-30,K,FORCHE KURT D,,0001225208-22-009847,2022-08-26,M,2200.0000,64.0900,11105.9126,D
0000055067,2022-08-30,K,FORCHE KURT D,,0001225208-22-009847,2022-08-26,S,7425.0000,75.5179,5880.9126,D
0000055067,2022-08-30,K,BANATI AMIT,,0001225208-22-009846,2022-08-26,M,21760.0000,56.7300,84772.0000,D
0000055067,2022-08-30,K,BANATI AMIT,,0001225208-22-009846,2022-08-26,M,8967.0000,59.9500,93739.0000,D
0000055067,2022-08-30,K,BANATI AMIT,,0001225208-22-009846,2022-08-26,S,7623.0000,73.8080,86116.0000,D
0000055067,2022-08-30,K,BANATI AMIT,,0001225208-22-009846,2022-08-26,S,26384.0000,75.4206,59732.0000,D
0000055067,2022-08-30,K,BANATI AMIT,,0001225208-22-009846,2022-08-29,S,6960.0000,74.0000,52772.0000,D
0000055067,2022-09-01,K,AMAYA NICOLAS,,0001225208-22-009901,2022-08-30,M,4300.0000,60.0100,16282.7516,D
0000055067,2022-09-01,K,AMAYA NICOLAS,,0001225208-22-009901,2022-08-30,S,4065.0000,74.1600,12217.7516,D
0000055067,2022-09-12,K,KELLOGG W K FOUNDATION TRUST,,0001209191-22-049573,2022-09-12,S,100000,72.4874,56631838,D
0000055067,2022-09-21,K,KELLOGG W K FOUNDATION TRUST,,0001209191-22-050830,2022-09-20,S,100000,71.1168,56531838,D
0000055067,2022-10-11,K,KELLOGG W K FOUNDATION TRUST,,0001209191-22-053253,2022-10-10,S,100000,70.2976,56431838,D
0000055067,2022-10-20,K,KELLOGG W K FOUNDATION TRUST,,0001209191-22-054208,2022-10-20,S,100000,72.0722,56331838,D
0000055067,2022-11-09,K,HOOD CHRISTOPHER M,,0001225208-22-011497,2022-11-08,S,2800.0000,72.0412,29426.9588,D
0000055067,2022-11-10,K,KELLOGG W K FOUNDATION TRUST,,0001209191-22-056400,2022-11-10,S,200000,70.7897,56231838,D
0000055067,2022-11-22,K,KELLOGG W K FOUNDATION TRUST,,0001209191-22-058311,2022-11-21,S,100000,71.0738,56131838,D
0000055067,2022-12-13,K,KELLOGG W K FOUNDATION TRUST,,0001209191-22-060868,2022-12-12,S,100000,73.4091,56031838,D
0000055067,2022-12-21,K,KELLOGG W K FOUNDATION TRUST,,0001209191-22-062289,2022-12-20,S,100000,70.7443,55931838,D
0000055067,2023-01-10,K,KELLOGG W K FOUNDATION TRUST,,0001209191-23-002794,2023-01-10,S,100000,70.9333,55831838,D
0000055067,2023-01-20,K,KELLOGG W K FOUNDATION TRUST,,0001209191-23-004247,2023-01-20,S,100000,67.0128,55731838,D
0000055067,2023-02-10,K,KELLOGG W K FOUNDATION TRUST,,0001209191-23-008479,2023-02-10,S,100000,67.6295,55631838,D
0000055067,2023-02-21,K,KELLOGG W K FOUNDATION TRUST,,0001209191-23-011300,2023-02-21,S,100000,68.7774,55531838,D
0000055067,2023-02-22,K,CAHILLANE STEVEN A,,0001225208-23-002591,2023-02-17,A,142635.0000,0.0000,317106.8428,D
0000055067,2023-02-22,K,CAHILLANE STEVEN A,,0001225208-23-002591,2023-02-17,F,61710.0000,68.3800,255396.8428,D
0000055067,2023-02-22,K,Lance Rodrigo,,0001225208-23-002590,2023-02-17,A,5723.0000,0.0000,15302.7700,D
0000055067,2023-02-22,K,Lance Rodrigo,,0001225208-23-002590,2023-02-17,F,1785.0000,68.3800,13517.7700,D
0000055067,2023-02-22,K,Lance Rodrigo,,0001225208-23-002590,2023-02-21,M,1635.2300,0,15153.0000,D
0000055067,2023-02-22,K,Lance Rodrigo,,0001225208-23-002590,2023-02-21,F,477.0000,68.9100,14676.0000,D
0000055067,2023-02-22,K,Howell Melissa A,,0001225208-23-002589,2023-02-17,A,22076.0000,0.0000,54654.6830,D
0000055067,2023-02-22,K,Howell Melissa A,,0001225208-23-002589,2023-02-17,F,7606.0000,68.3800,47048.6830,D
0000055067,2023-02-22,K,Howell Melissa A,,0001225208-23-002589,2023-02-21,M,6307.3170,0,53356.0000,D
0000055067,2023-02-22,K,Howell Melissa A,,0001225208-23-002589,2023-02-21,F,2783.0000,68.9100,50573.0000,D
0000055067,2023-02-22,K,HOOD CHRISTOPHER M,,0001225208-23-002587,2023-02-17,A,39226.0000,0.0000,69037.1226,D
0000055067,2023-02-22,K,HOOD CHRISTOPHER M,,0001225208-23-002587,2023-02-17,F,16441.0000,68.3800,52596.1226,D
0000055067,2023-02-22,K,HOOD CHRISTOPHER M,,0001225208-23-002587,2023-02-21,M,11213.0100,0,63809.1326,D
0000055067,2023-02-22,K,HOOD CHRISTOPHER M,,0001225208-23-002587,2023-02-21,F,5062.0000,68.9100,58747.1326,D
0000055067,2023-02-22,K,BANATI AMIT,,0001225208-23-002586,2023-02-17,A,34320.0000,0.0000,87092.6170,D
0000055067,2023-02-22,K,BANATI AMIT,,0001225208-23-002586,2023-02-17,F,13262.0000,68.3800,73830.6170,D
0000055067,2023-02-22,K,BANATI AMIT,,0001225208-23-002586,2023-02-21,M,9811.3830,0,83642.0000,D
0000055067,2023-02-22,K,BANATI AMIT,,0001225208-23-002586,2023-02-21,F,4397.0000,68.9100,79245.0000,D
0000055067,2023-02-22,K,LAWLOR DAVID,,0001225208-23-002588,2023-02-17,A,22290.0000,0.0000,39642.9580,D
0000055067,2023-02-22,K,LAWLOR DAVID,,0001225208-23-002588,2023-02-17,F,11591.0000,68.3800,28051.9580,D
0000055067,2023-02-22,K,LAWLOR DAVID,,0001225208-23-002588,2023-02-21,M,6374.0620,0,34426.0200,D
0000055067,2023-02-22,K,LAWLOR DAVID,,0001225208-23-002588,2023-02-21,F,3316.0000,68.9100,31110.0200,D
0000055067,2023-02-22,K,AMAYA NICOLAS,,0001225208-23-002585,2023-02-17,A,12264.0000,0.0000,24853.3421,D
0000055067,2023-02-22,K,AMAYA NICOLAS,,0001225208-23-002585,2023-02-17,F,4671.0000,68.3800,20182.3421,D
0000055067,2023-02-22,K,AMAYA NICOLAS,,0001225208-23-002585,2023-02-19,M,5571.1810,0,25753.5231,D
0000055067,2023-02-22,K,AMAYA NICOLAS,,0001225208-23-002585,2023-02-19,F,2082.0000,68.3800,23671.5231,D
0000055067,2023-02-22,K,AMAYA NICOLAS,,0001225208-23-002585,2023-02-21,M,3504.0640,0,27175.5871,D
0000055067,2023-02-22,K,AMAYA NICOLAS,,0001225208-23-002585,2023-02-21,F,1310.0000,68.9100,25865.5871,D
0000055067,2023-02-22,K,FORCHE KURT D,,0001225208-23-002584,2023-02-17,A,6541.0000,0.0000,12913.1387,D
0000055067,2023-02-22,K,FORCHE KURT D,,0001225208-23-002584,2023-02-17,F,2021.0000,68.3800,10892.1387,D
0000055067,2023-02-22,K,FORCHE KURT D,,0001225208-23-002584,2023-02-21,M,1868.8360,0,12760.9747,D
0000055067,2023-02-22,K,FORCHE KURT D,,0001225208-23-002584,2023-02-21,F,554.0000,68.9100,12206.9747,D
0000055067,2023-02-22,K,FORCHE KURT D,,0001225208-23-002584,2023-02-22,S,3265.0000,69.3596,8941.9747,D
0000055067,2023-02-22,K,PILNICK GARY H,,0001225208-23-002583,2023-02-17,A,31050.0000,0.0000,52048.1720,D
0000055067,2023-02-22,K,PILNICK GARY H,,0001225208-23-002583,2023-02-17,F,11549.0000,68.3800,40499.1720,D
0000055067,2023-02-22,K,PILNICK GARY H,,0001225208-23-002583,2023-02-21,M,8876.9660,0,49376.1380,D
0000055067,2023-02-22,K,PILNICK GARY H,,0001225208-23-002583,2023-02-21,F,3715.0000,68.9100,45661.1380,D
0000055067,2023-02-22,K,PILNICK GARY H,,0001225208-23-002583,2023-02-22,S,22197.0000,68.8129,23464.1380,D
0000055067,2023-02-24,K,AMAYA NICOLAS,,0001225208-23-002796,2023-02-23,S,5700.0000,68.2615,20165.5871,D
0000055067,2023-02-28,K,Lance Rodrigo,,0001225208-23-002961,2023-02-27,M,3234.0000,59.9500,17910.0000,D
0000055067,2023-02-28,K,Lance Rodrigo,,0001225208-23-002961,2023-02-27,S,2975.0000,67.7900,14935.0000,D
0000055067,2023-03-10,K,KELLOGG W K FOUNDATION TRUST,,0001209191-23-017932,2023-03-10,S,100000,63.9884,55431838,D
0000055067,2023-03-20,K,KELLOGG W K FOUNDATION TRUST,,0001209191-23-020075,2023-03-20,S,100000,65.2211,55331838,D
0000055067,2023-04-10,K,KELLOGG W K FOUNDATION TRUST,,0001209191-23-023941,2023-04-10,S,100000,67.6406,55231838,D
0000055067,2023-04-20,K,KELLOGG W K FOUNDATION TRUST,,0001209191-23-025001,2023-04-20,S,100000,67.1432,55131838,D
0000055067,2023-05-10,K,KELLOGG W K FOUNDATION TRUST,,0001209191-23-028536,2023-05-10,S,100000,70.6133,55031838,D
0000055067,2023-05-10,K,Mann Erica L,,0001225208-23-005684,2023-05-08,A,2080.0000,0.0000,12923.3410,I
0000055067,2023-05-10,K,Bahner Kris,,0001225208-23-005678,2023-05-08,S,3483.0000,71.0127,18013.2810,D
0000055067,2023-05-10,K,AMAYA NICOLAS,,0001225208-23-005677,2023-05-08,M,4800.0000,59.9500,24965.5871,D
0000055067,2023-05-10,K,AMAYA NICOLAS,,0001225208-23-005677,2023-05-08,S,4755.0000,71.0000,20210.5871,D
0000055067,2023-05-10,K,Gillum Roderick D.,,0001225208-23-005675,2023-05-08,A,2080.0000,0.0000,12923.3410,I
0000055067,2023-05-10,K,TASTAD CAROLYN M,,0001225208-23-005674,2023-05-08,A,2080.0000,0.0000,21766.8320,I
0000055067,2023-05-10,K,SCHLOTMAN J MICHAEL,,0001225208-23-005676,2023-05-08,A,2080.0000,0.0000,7978.1150,I
0000055067,2023-05-10,K,MONTGOMERY TABRON LA JUNE,,0001225208-23-005673,2023-05-08,A,2080.0000,0.0000,27212.3440,I
0000055067,2023-05-10,K,KNAUSS DONALD R,,0001225208-23-005671,2023-05-08,A,2080.0000,0.0000,51109.0140,I
0000055067,2023-05-10,K,Laschinger Mary A,,0001225208-23-005672,2023-05-08,A,2080.0000,0.0000,31847.3080,I
0000055067,2023-05-10,K,Gund G Zachary,,0001225208-23-005669,2023-05-08,A,2080.0000,0.0000,24774.6520,I
0000055067,2023-05-10,K,CAST CARTER A,,0001225208-23-005670,2023-05-08,A,2080.0000,0.0000,17628.0580,I
0000055067,2023-05-10,K,BURNS STEPHANIE,,0001225208-23-005668,2023-05-08,A,2080.0000,0.0000,27212.3440,I
0000055067,2023-05-10,K,HOOD CHRISTOPHER M,,0001225208-23-005667,2023-05-08,M,13066.0000,59.9500,71813.1326,D
0000055067,2023-05-10,K,HOOD CHRISTOPHER M,,0001225208-23-005667,2023-05-08,S,26140.0000,70.7368,45673.1326,D
0000055067,2023-05-10,K,HOOD CHRISTOPHER M,,0001225208-23-005667,2023-05-09,M,26134.0000,59.9500,71807.1326,D
0000055067,2023-05-10,K,HOOD CHRISTOPHER M,,0001225208-23-005667,2023-05-09,S,25910.0000,70.9810,45897.1326,D
0000055067,2023-05-22,K,KELLOGG W K FOUNDATION TRUST,,0001209191-23-031478,2023-05-22,S,100000,68.4888,54931838,D
0000055067,2023-06-12,K,KELLOGG W K FOUNDATION TRUST,,0001209191-23-036292,2023-06-12,S,100000,65.4113,54831838,D
0000055067,2023-06-20,K,KELLOGG W K FOUNDATION TRUST,,0001209191-23-038488,2023-06-20,S,100000,65.9384,54731838,D
0000055067,2023-07-10,K,KELLOGG W K FOUNDATION TRUST,,0001209191-23-041955,2023-07-10,S,100000,67.1004,54631838,D
0000055067,2023-07-20,K,KELLOGG W K FOUNDATION TRUST,,0001209191-23-042934,2023-07-20,S,100000,67.5455,54531838,D
0000055067,2023-08-04,K,Kapoor Shumit,,0001225208-23-007997,2023-08-03,M,4818.0000,0,4818.0000,D
0000055067,2023-08-10,K,KELLOGG W K FOUNDATION TRUST,,0001209191-23-045322,2023-08-10,S,100000,63.7812,54431838,D
0000055067,2023-08-21,K,KELLOGG W K FOUNDATION TRUST,,0001209191-23-046742,2023-08-21,S,100000,61.0955,54331838,D
0000055067,2023-08-28,K,BANATI AMIT,,0001225208-23-008499,2023-08-24,G,79245.0000,0.0000,0.0000,D
0000055067,2023-09-07,K,KELLOGG W K FOUNDATION TRUST,,0001209191-23-048669,2023-09-07,S,77800,59.4172,54254038,D
0000055067,2023-09-14,K,KELLOGG W K FOUNDATION TRUST,,0001209191-23-049493,2023-09-14,S,77800,59.6603,54176238,D
0000055067,2023-09-21,K,KELLOGG W K FOUNDATION TRUST,,0001209191-23-050311,2023-09-21,S,77800,60.7905,54098438,D
0000055067,2023-09-25,K,HUGHES CHARISSE FORD,,0001225208-23-009057,2023-09-21,M,4891.0000,0,4891.0000,D
0000055067,2023-09-25,K,HUGHES CHARISSE FORD,,0001225208-23-009057,2023-09-21,F,1740.0000,60.4600,3151.0000,D
0000055067,2023-09-28,K,KELLOGG W K FOUNDATION TRUST,,0001209191-23-050718,2023-09-28,S,77800,58.9074,54020638,D
0000055067,2023-10-03,KLG,KELLANOVA,,0000899243-23-019799,2023-10-01,J,85629489,0.00,85630489,D
0000055067,2023-10-03,KLG,KELLANOVA,,0000899243-23-019799,2023-10-02,J,85630489,0.00,0,D
0000055067,2023-10-10,K,KELLOGG W K FOUNDATION TRUST,,0001209191-23-052413,2023-10-09,S,77800,49.6695,53942838,D
0000055067,2023-10-16,K,KELLOGG W K FOUNDATION TRUST,,0001209191-23-052909,2023-10-16,S,77800,50.3195,53865038,D
0000055067,2023-10-23,K,KELLOGG W K FOUNDATION TRUST,,0001209191-23-053308,2023-10-23,S,77800,49.7528,53787238,D
0000055067,2023-10-30,K,KELLOGG W K FOUNDATION TRUST,,0001209191-23-053840,2023-10-30,S,77800,49.9564,53709438,D
0000055067,2023-11-13,K,KELLOGG W K FOUNDATION TRUST,,0001209191-23-055069,2023-11-09,S,77800,51.8724,53631638,D
0000055067,2023-11-14,K,KELLOGG W K FOUNDATION TRUST,,0001209191-23-055200,2023-11-14,S,77800,52.6196,53553838,D
0000055067,2023-11-21,K,KELLOGG W K FOUNDATION TRUST,,0001209191-23-056222,2023-11-21,S,77800,52.8389,53476038,D
0000055067,2023-11-28,K,KELLOGG W K FOUNDATION TRUST,,0001209191-23-056820,2023-11-28,S,77800,52.2146,53398238,D
0000055067,2023-12-07,K,KELLOGG W K FOUNDATION TRUST,isTenPercentOwner,0000950170-23-068846,2023-12-07,S,77800,53.8868,53320438,D
0000055067,2023-12-14,K,KELLOGG W K FOUNDATION TRUST,isTenPercentOwner,0000950170-23-070389,2023-12-14,S,77800,55.0668,53242638,D
0000055067,2023-12-21,K,KELLOGG W K FOUNDATION TRUST,isTenPercentOwner,0000950170-23-072369,2023-12-21,S,77800,53.4232,53164838,D
0000055067,2023-12-28,K,KELLOGG W K FOUNDATION TRUST,isTenPercentOwner,0000950170-23-073637,2023-12-28,S,77800,55.2514,53087038,D
0000055067,2024-01-08,K,KELLOGG W K FOUNDATION TRUST,isTenPercentOwner,0000950170-24-002998,2024-01-08,S,77800,56.4924,53009238,D
0000055067,2024-01-16,K,KELLOGG W K FOUNDATION TRUST,isTenPercentOwner,0000950170-24-004746,2024-01-16,S,77800,54.7174,52931438,D
0000055067,2024-01-22,K,KELLOGG W K FOUNDATION TRUST,,0001209191-24-002018,2024-01-22,S,77800,53.5928,52853638,D
0000055067,2024-01-29,K,KELLOGG W K FOUNDATION TRUST,isTenPercentOwner,0000950170-24-008427,2024-01-29,S,77800,54.6844,52775838,D
0000055067,2024-02-09,K,KELLOGG W K FOUNDATION TRUST,isTenPercentOwner,0000950170-24-013385,2024-02-09,S,77800,53.6233,52698038,D
0000055067,2024-02-14,K,KELLOGG W K FOUNDATION TRUST,isTenPercentOwner,0000950170-24-015355,2024-02-14,S,77800,53.6668,52620238,D
0000055067,2024-02-21,K,KELLOGG W K FOUNDATION TRUST,isTenPercentOwner,0000950170-24-018158,2024-02-21,S,77800,56.0532,52542438,D
0000055067,2024-02-21,K,Min John,,0001225208-24-002626,2024-02-16,M,2205.7350,0,8144.3140,D
0000055067,2024-02-21,K,Min John,,0001225208-24-002626,2024-02-16,F,721.0000,55.4700,7423.3140,D
0000055067,2024-02-21,K,Min John,,0001225208-24-002626,2024-02-19,M,952.8210,0,8376.1350,D
0000055067,2024-02-21,K,Min John,,0001225208-24-002626,2024-02-19,F,277.0000,55.4700,8099.1350,D
0000055067,2024-02-21,K,CAHILLANE STEVEN A,,0001225208-24-002627,2024-02-16,M,183231.6380,0,438628.8428,D
0000055067,2024-02-21,K,CAHILLANE STEVEN A,,0001225208-24-002627,2024-02-16,F,79380.0000,55.4700,359248.8428,D
0000055067,2024-02-21,K,Lance Rodrigo,,0001225208-24-002625,2024-02-16,M,8633.9940,0,23569.9630,D
0000055067,2024-02-21,K,Lance Rodrigo,,0001225208-24-002625,2024-02-16,F,2669.0000,55.4700,20900.9630,D
0000055067,2024-02-21,K,Lance Rodrigo,,0001225208-24-002625,2024-02-19,M,2623.0370,0,23524.0000,D
0000055067,2024-02-21,K,Lance Rodrigo,,0001225208-24-002625,2024-02-19,F,765.0000,55.4700,22759.0000,D
0000055067,2024-02-21,K,HUGHES CHARISSE FORD,,0001225208-24-002624,2024-02-16,M,8987.6390,0,12139.9320,D
0000055067,2024-02-21,K,HUGHES CHARISSE FORD,,0001225208-24-002624,2024-02-16,F,3086.0000,55.4700,9053.9320,D
0000055067,2024-02-21,K,HUGHES CHARISSE FORD,,0001225208-24-002624,2024-02-19,M,2723.0680,0,11777.0000,D
0000055067,2024-02-21,K,HUGHES CHARISSE FORD,,0001225208-24-002624,2024-02-19,F,908.0000,55.4700,10869.0000,D
0000055067,2024-02-21,K,Bahner Kris,,0001225208-24-002622,2024-02-16,M,10382.0110,0,28599.9254,D
0000055067,2024-02-21,K,Bahner Kris,,0001225208-24-002622,2024-02-16,F,3068.0000,55.4700,25531.9254,D
0000055067,2024-02-21,K,Bahner Kris,,0001225208-24-002622,2024-02-19,M,3152.4940,0,28684.4194,D
0000055067,2024-02-21,K,Bahner Kris,,0001225208-24-002622,2024-02-19,F,829.0000,55.4700,27855.4194,D
0000055067,2024-02-21,K,AMAYA NICOLAS,,0001225208-24-002621,2024-02-16,M,16810.2700,0,37394.3326,D
0000055067,2024-02-21,K,AMAYA NICOLAS,,0001225208-24-002621,2024-02-16,F,5014.0000,55.4700,32380.3326,D
0000055067,2024-02-21,K,AMAYA NICOLAS,,0001225208-24-002621,2024-02-19,M,5094.5110,0,37474.8436,D
0000055067,2024-02-21,K,AMAYA NICOLAS,,0001225208-24-002621,2024-02-19,F,1484.0000,55.4700,35990.8436,D
0000055067,2024-02-21,K,Howell Melissa A,,0001225208-24-002623,2024-02-16,M,26693.1360,0,77267.5680,D
0000055067,2024-02-21,K,Howell Melissa A,,0001225208-24-002623,2024-02-16,F,9154.0000,55.4700,68113.5680,D
0000055067,2024-02-21,K,Howell Melissa A,,0001225208-24-002623,2024-02-19,M,8094.4320,0,76208.0000,D
0000055067,2024-02-21,K,Howell Melissa A,,0001225208-24-002623,2024-02-19,F,3571.0000,55.4700,72637.0000,D
0000055067,2024-02-21,K,Kapoor Shumit,,0001225208-24-002620,2024-02-16,M,21742.1040,0,26561.0230,D
0000055067,2024-02-21,K,Kapoor Shumit,,0001225208-24-002620,2024-02-19,M,6594.9770,0,33156.0000,D
0000055067,2024-02-21,K,LAWLOR DAVID,,0001225208-24-002619,2024-02-16,M,24715.7550,0,55875.6310,D
0000055067,2024-02-21,K,LAWLOR DAVID,,0001225208-24-002619,2024-02-16,F,12853.0000,55.4700,43022.6310,D
0000055067,2024-02-21,K,LAWLOR DAVID,,0001225208-24-002619,2024-02-19,M,7490.2040,0,50512.8350,D
0000055067,2024-02-21,K,LAWLOR DAVID,,0001225208-24-002619,2024-02-19,F,3896.0000,55.4700,46616.8350,D
0000055067,2024-02-21,K,BANATI AMIT,,0001225208-24-002618,2024-02-16,M,41505.8160,0,41506.2950,D
0000055067,2024-02-21,K,BANATI AMIT,,0001225208-24-002618,2024-02-16,F,15901.0000,55.4700,25605.2950,D
0000055067,2024-02-21,K,BANATI AMIT,,0001225208-24-002618,2024-02-19,M,12583.7050,0,38189.0000,D
0000055067,2024-02-21,K,BANATI AMIT,,0001225208-24-002618,2024-02-19,F,5638.0000,55.4700,32551.0000,D
0000055067,2024-02-21,K,FORCHE KURT D,,0001225208-24-002617,2024-02-16,M,8405.6400,0,17812.2564,D
0000055067,2024-02-21,K,FORCHE KURT D,,0001225208-24-002617,2024-02-16,F,2598.0000,55.4700,15214.2564,D
0000055067,2024-02-21,K,FORCHE KURT D,,0001225208-24-002617,2024-02-19,M,2547.2560,0,17761.5124,D
0000055067,2024-02-21,K,FORCHE KURT D,,0001225208-24-002617,2024-02-19,F,756.0000,55.4700,17005.5124,D
0000055067,2024-02-21,K,FORCHE KURT D,,0001225208-24-002617,2024-02-21,S,3000.0000,56.4800,14005.5124,D
0000055067,2024-02-21,K,Marroquin Victor,,0001225208-24-002616,2024-02-16,M,2767.5260,0,6869.6590,D
0000055067,2024-02-21,K,Marroquin Victor,,0001225208-24-002616,2024-02-16,F,970.0000,55.4700,5899.6590,D
0000055067,2024-02-21,K,Marroquin Victor,,0001225208-24-002616,2024-02-19,M,1197.3410,0,7097.0000,D
0000055067,2024-02-21,K,Marroquin Victor,,0001225208-24-002616,2024-02-19,F,420.0000,55.4700,6677.0000,D
0000055067,2024-02-21,K,Marroquin Victor,,0001225208-24-002616,2024-02-21,M,2487.0000,53.0300,9164.0000,D
0000055067,2024-02-21,K,Marroquin Victor,,0001225208-24-002616,2024-02-21,S,2427.0000,55.9602,6737.0000,D
0000055067,2024-02-28,K,KELLOGG W K FOUNDATION TRUST,isTenPercentOwner,0000950170-24-022269,2024-02-28,S,77800,55.7835,52464638,D
0000055067,2024-02-28,K,BANATI AMIT,,0001225208-24-003194,2024-02-27,G,32551.0000,0.0000,0.0000,D
0000055067,2024-03-07,K,KELLOGG W K FOUNDATION TRUST,isTenPercentOwner,0000950170-24-028129,2024-03-07,S,77800,53.4442,52386838,D
0000055067,2024-03-14,K,KELLOGG W K FOUNDATION TRUST,isTenPercentOwner,0000950170-24-031718,2024-03-14,S,77800,52.8979,52309038,D
0000055067,2024-03-21,K,KELLOGG W K FOUNDATION TRUST,isTenPercentOwner,0000950170-24-034872,2024-03-21,S,77800,55.6104,52231238,D
0000055067,2024-03-28,K,KELLOGG W K FOUNDATION TRUST,isTenPercentOwner,0000950170-24-038261,2024-03-28,S,77800,57.3397,52153438,D
0000055067,2024-04-10,K,KELLOGG W K FOUNDATION TRUST,isTenPercentOwner,0000950170-24-043167,2024-04-08,S,77800,57.4571,52075638,D
0000055067,2024-04-15,K,KELLOGG W K FOUNDATION TRUST,isTenPercentOwner,0000950170-24-044494,2024-04-15,S,77800,55.3477,51997838,D
0000055067,2024-04-22,K,KELLOGG W K FOUNDATION TRUST,isTenPercentOwner,0000950170-24-046539,2024-04-22,S,77800,57.7556,51920038,D
0000055067,2024-04-29,K,KELLOGG W K FOUNDATION TRUST,isTenPercentOwner,0000950170-24-050082,2024-04-29,S,77800,58.0028,51842238,D
0000055067,2024-05-07,K,KELLOGG W K FOUNDATION TRUST,isTenPercentOwner,0000950170-24-054716,2024-05-07,S,77800,60.9231,51764438,D
0000055067,2024-05-07,K,SCHLOTMAN J MICHAEL,,0001225208-24-005737,2024-05-06,A,2915.0000,60.0400,11294.1630,I
0000055067,2024-05-07,K,Gillum Roderick D.,,0001225208-24-005736,2024-05-06,A,2915.0000,60.0400,16441.3690,I
0000055067,2024-05-07,K,Mann Erica L,,0001225208-24-005735,2024-05-06,A,2915.0000,60.0400,16436.1820,I
0000055067,2024-05-07,K,KNAUSS DONALD R,,0001225208-24-005731,2024-05-06,A,2915.0000,60.0400,56140.7720,I
0000055067,2024-05-07,K,TASTAD CAROLYN M,,0001225208-24-005734,2024-05-06,A,2915.0000,60.0400,25631.3280,I
0000055067,2024-05-07,K,MONTGOMERY TABRON LA JUNE,,0001225208-24-005733,2024-05-06,A,2915.0000,60.0400,31293.4360,I
0000055067,2024-05-07,K,Gund G Zachary,,0001225208-24-005730,2024-05-06,A,2915.0000,60.0400,28772.4580,I
0000055067,2024-05-07,K,CAST CARTER A,,0001225208-24-005729,2024-05-06,A,2915.0000,60.0400,21327.9190,I
0000055067,2024-05-07,K,Laschinger Mary A,,0001225208-24-005732,2024-05-06,A,2915.0000,60.0400,36112.9120,I
0000055067,2024-05-07,K,BURNS STEPHANIE,,0001225208-24-005728,2024-05-06,A,2915.0000,60.0400,31293.4360,I
0000055067,2024-05-07,K,AMAYA NICOLAS,,0001225208-24-005727,2024-05-06,S,9800.0000,60.0516,26190.8436,D
0000055067,2024-05-14,K,KELLOGG W K FOUNDATION TRUST,isTenPercentOwner,0000950170-24-059753,2024-05-14,S,77800,62.3150,51686638,D
0000055067,2024-05-21,K,KELLOGG W K FOUNDATION TRUST,isTenPercentOwner,0000950170-24-063026,2024-05-21,S,77800,62.0066,51608838,D
0000055067,2024-05-24,K,Gund G Zachary,,0001225208-24-006353,2024-02-23,J,30639.0000,0.0000,34296.0000,I
0000055067,2024-05-24,K,Gund G Zachary,,0001225208-24-006353,2024-02-23,J,210000.0000,0.0000,1409000.0000,I
0000055067,2024-05-28,K,KELLOGG W K FOUNDATION TRUST,isTenPercentOwner,0000950170-24-065182,2024-05-28,S,77800,60.1624,51531038,D
0000055067,2024-06-07,K,KELLOGG W K FOUNDATION TRUST,isTenPercentOwner,0000950170-24-070799,2024-06-07,S,77800,59.9210,51453238,D
0000055067,2024-06-14,K,KELLOGG W K FOUNDATION TRUST,isTenPercentOwner,0000950170-24-073607,2024-06-14,S,77800,57.8853,51375438,D
0000055067,2024-06-21,K,KELLOGG W K FOUNDATION TRUST,isTenPercentOwner,0000950170-24-076179,2024-06-21,S,77800,57.7051,51297638,D
0000055067,2024-06-28,K,KELLOGG W K FOUNDATION TRUST,isTenPercentOwner,0000950170-24-079068,2024-06-28,S,77800,57.6425,51219838,D
0000055067,2024-07-08,K,KELLOGG W K FOUNDATION TRUST,isTenPercentOwner,0000950170-24-082078,2024-07-08,S,77800,56.1364,51142038,D
0000055067,2024-07-15,K,KELLOGG W K FOUNDATION TRUST,isTenPercentOwner,0000950170-24-083603,2024-07-15,S,77800,56.1945,51064238,D
0000055067,2024-07-22,K,KELLOGG W K FOUNDATION TRUST,isTenPercentOwner,0000950170-24-085293,2024-07-22,S,77800,57.6656,50986438,D
0000055067,2024-07-29,K,KELLOGG W K FOUNDATION TRUST,isTenPercentOwner,0000950170-24-087348,2024-07-29,S,77800,57.2346,50908638,D
0000055067,2024-08-07,K,KELLOGG W K FOUNDATION TRUST,isTenPercentOwner,0000950170-24-092797,2024-08-07,S,77800,74.0084,50830838,D
0000055067,2024-08-14,K,KELLOGG W K FOUNDATION TRUST,isTenPercentOwner,0000950170-24-097171,2024-08-14,S,77800,80.0452,50753038,D
0000055067,2024-08-21,K,KELLOGG W K FOUNDATION TRUST,isTenPercentOwner,0000950170-24-099583,2024-08-21,S,77800,80.3226,50675238,D
0000055067,2024-08-28,K,KELLOGG W K FOUNDATION TRUST,isTenPercentOwner,0000950170-24-101436,2024-08-28,S,77800,80.6196,50597438,D
0000055067,2024-09-09,K,KELLOGG W K FOUNDATION TRUST,isTenPercentOwner,0000950170-24-104852,2024-09-09,S,114583,80.2508,50482855,D
0000055067,2024-09-16,K,KELLOGG W K FOUNDATION TRUST,isTenPercentOwner,0000950170-24-106891,2024-09-16,S,114583,80.6548,50368272,D
0000055067,2024-09-23,K,KELLOGG W K FOUNDATION TRUST,isTenPercentOwner,0000950170-24-108817,2024-09-23,S,114583,80.6845,50253689,D
0000055067,2024-09-30,K,KELLOGG W K FOUNDATION TRUST,isTenPercentOwner,0000950170-24-110424,2024-09-30,S,114583,80.7196,50139106,D
0000055067,2024-10-07,K,KELLOGG W K FOUNDATION TRUST,isTenPercentOwner,0000950170-24-113331,2024-10-07,S,114583,80.5651,50024523,D
0000055067,2024-10-15,K,KELLOGG W K FOUNDATION TRUST,isTenPercentOwner,0000950170-24-114782,2024-10-14,S,114583,80.6254,49909940,D
0000055067,2024-10-21,K,KELLOGG W K FOUNDATION TRUST,isTenPercentOwner,0000950170-24-116026,2024-10-21,S,114583,80.9598,49795357,D
0000055067,2024-10-28,K,KELLOGG W K FOUNDATION TRUST,isTenPercentOwner,0000950170-24-117800,2024-10-28,S,114583,80.7609,49680774,D
0000055067,2024-11-07,K,KELLOGG W K FOUNDATION TRUST,isTenPercentOwner,0000950170-24-123456,2024-11-07,S,114583,80.8862,49566191,D
0000055067,2024-11-14,K,KELLOGG W K FOUNDATION TRUST,isTenPercentOwner,0000950170-24-127126,2024-11-14,S,114583,81.0448,49451608,D
0000055067,2024-11-18,K,Bahner Kris,,0000055067-24-000037,2024-11-16,M,9960,,37815.4194,D
0000055067,2024-11-18,K,Bahner Kris,,0000055067-24-000037,2024-11-16,F,3593,80.57,34222.4194,D
0000055067,2024-11-21,K,KELLOGG W K FOUNDATION TRUST,isTenPercentOwner,0000950170-24-129781,2024-11-21,S,114583,80.9916,49337025,D
0000055067,2024-11-29,K,KELLOGG W K FOUNDATION TRUST,isTenPercentOwner,0000950170-24-131816,2024-11-29,S,114583,81.2129,49222442,D
0000055067,2024-12-09,K,KELLOGG W K FOUNDATION TRUST,isTenPercentOwner,0000950170-24-134656,2024-12-09,S,114583,80.6986,49107859,D
0000055067,2024-12-16,K,KELLOGG W K FOUNDATION TRUST,isTenPercentOwner,0000950170-24-136697,2024-12-16,S,114583,80.6892,48993276,D
0000055067,2024-12-23,K,KELLOGG W K FOUNDATION TRUST,isTenPercentOwner,0000950170-24-139615,2024-12-23,S,114583,80.6424,48878693,D
0000055067,2024-12-30,K,KELLOGG W K FOUNDATION TRUST,isTenPercentOwner,0000950170-24-141157,2024-12-30,S,114583,80.8464,48764110,D
0000055067,2025-01-07,K,KELLOGG W K FOUNDATION TRUST,isTenPercentOwner,0000950170-25-003106,2025-01-07,S,114583,81.2809,48649527,D
0000055067,2025-01-14,K,KELLOGG W K FOUNDATION TRUST,isTenPercentOwner,0000950170-25-005493,2025-01-14,S,114583,81.4214,48534944,D
0000055067,2025-01-21,K,KELLOGG W K FOUNDATION TRUST,isTenPercentOwner,0000950170-25-007398,2025-01-21,S,114583,81.6862,48420361,D
0000055067,2025-01-28,K,KELLOGG W K FOUNDATION TRUST,isTenPercentOwner,0000950170-25-009921,2025-01-28,S,114583,81.9092,48305778,D
0000055067,2025-02-10,K,KELLOGG W K FOUNDATION TRUST,isTenPercentOwner,0000950170-25-017169,2025-02-10,S,114583,82.2309,48191195,D
0000055067,2025-02-14,K,KELLOGG W K FOUNDATION TRUST,isTenPercentOwner,0000950170-25-021424,2025-02-14,S,114583,82.2528,48076612,D
0000055067,2025-02-20,K,Marroquin Victor,,0000055067-25-000072,2025-02-18,M,1120,0,7857,D
0000055067,2025-02-20,K,Marroquin Victor,,0000055067-25-000072,2025-02-18,F,393,82.32,7464,D
0000055067,2025-02-20,K,Lance Rodrigo,,0000055067-25-000071,2025-02-18,M,4453,0,27212,D
0000055067,2025-02-20,K,Lance Rodrigo,,0000055067-25-000071,2025-02-18,F,1408,82.32,25804,D
0000055067,2025-02-20,K,LAWLOR DAVID,,0000055067-25-000070,2025-02-18,M,8102,0,54745.066,D
0000055067,2025-02-20,K,LAWLOR DAVID,,0000055067-25-000070,2025-02-18,F,4222,82.32,50523.066,D
0000055067,2025-02-20,K,Kapoor Shumit,,0000055067-25-000069,2025-02-18,M,6291,0,39447,D
0000055067,2025-02-20,K,HUGHES CHARISSE FORD,,0000055067-25-000068,2025-02-18,M,2756,0,13625,D
0000055067,2025-02-20,K,HUGHES CHARISSE FORD,,0000055067-25-000068,2025-02-18,F,987,82.32,12638,D
0000055067,2025-02-20,K,Howell Melissa A,,0000055067-25-000067,2025-02-18,M,7070,0,79707,D
0000055067,2025-02-20,K,Howell Melissa A,,0000055067-25-000067,2025-02-18,F,2952,82.32,76755,D
0000055067,2025-02-20,K,Haigh Todd W,,0000055067-25-000066,2025-02-18,M,1233,0,22991.1254,D
0000055067,2025-02-20,K,Haigh Todd W,,0000055067-25-000066,2025-02-18,F,331,82.32,22660.1254,D
0000055067,2025-02-20,K,FORCHE KURT D,,0000055067-25-000065,2025-02-18,M,2228,0,16545.9962,D
0000055067,2025-02-20,K,FORCHE KURT D,,0000055067-25-000065,2025-02-18,F,739,82.32,15806.9962,D
0000055067,2025-02-20,K,CAHILLANE STEVEN A,,0000055067-25-000064,2025-02-18,M,40471,0,399719.8428,D
0000055067,2025-02-20,K,CAHILLANE STEVEN A,,0000055067-25-000064,2025-02-18,F,18129,82.32,381590.8428,D
0000055067,2025-02-20,K,BANATI AMIT,,0000055067-25-000063,2025-02-18,M,12053,0,12053,D
0000055067,2025-02-20,K,BANATI AMIT,,0000055067-25-000063,2025-02-18,F,3971,82.32,8082,D
0000055067,2025-02-20,K,Bahner Kris,,0000055067-25-000062,2025-02-18,M,3147,0,37825.3652,D
0000055067,2025-02-20,K,Bahner Kris,,0000055067-25-000062,2025-02-18,F,1315,82.32,36510.3652,D
0000055067,2025-02-20,K,AMAYA NICOLAS,,0000055067-25-000061,2025-02-18,M,4453,0,31079.3597,D
0000055067,2025-02-20,K,AMAYA NICOLAS,,0000055067-25-000061,2025-02-18,F,1349,82.32,29730.3597,D
0000055067,2025-02-21,K,KELLOGG W K FOUNDATION TRUST,isTenPercentOwner,0000950170-25-024884,2025-02-21,S,114583,82.5005,47962029,D
0000055067,2025-02-24,K,BANATI AMIT,,0000055067-25-000096,2025-02-20,M,22046,56.69,133842,I
0000055067,2025-02-24,K,BANATI AMIT,,0000055067-25-000096,2025-02-20,F,17708,82.45,116134,I
0000055067,2025-02-24,K,BANATI AMIT,,0000055067-25-000096,2025-02-21,M,50584,0,58666,D
0000055067,2025-02-24,K,BANATI AMIT,,0000055067-25-000096,2025-02-21,F,23902,82.66,34764,D
0000055067,2025-02-24,K,Bahner Kris,,0000055067-25-000095,2025-02-20,M,9836,56.69,46346.3652,D
0000055067,2025-02-24,K,Bahner Kris,,0000055067-25-000095,2025-02-20,F,8189,82.45,38157.3652,D
0000055067,2025-02-24,K,Bahner Kris,,0000055067-25-000095,2025-02-21,M,13210,0,51367.3652,D
0000055067,2025-02-24,K,Bahner Kris,,0000055067-25-000095,2025-02-21,F,5560,82.66,45807.3652,D
0000055067,2025-02-24,K,AMAYA NICOLAS,,0000055067-25-000094,2025-02-20,M,4550,56.69,34280.3597,D
0000055067,2025-02-24,K,AMAYA NICOLAS,,0000055067-25-000094,2025-02-20,F,3543,82.45,30737.3597,D
0000055067,2025-02-24,K,AMAYA NICOLAS,,0000055067-25-000094,2025-02-21,M,18704,0,49441.3597,D
0000055067,2025-02-24,K,AMAYA NICOLAS,,0000055067-25-000094,2025-02-21,F,5811,82.66,43630.3597,D
0000055067,2025-02-24,K,Marroquin Victor,,0000055067-25-000093,2025-02-20,M,1130,56.69,8594,D
0000055067,2025-02-24,K,Marroquin Victor,,0000055067-25-000093,2025-02-20,F,795,82.45,7799,D
0000055067,2025-02-24,K,Marroquin Victor,,0000055067-25-000093,2025-02-21,M,4703,0,12502,D
0000055067,2025-02-24,K,Marroquin Victor,,0000055067-25-000093,2025-02-21,F,1647,82.66,10855,D
0000055067,2025-02-24,K,Haigh Todd W,,0000055067-25-000092,2025-02-20,M,8253,56.69,30913.1254,D
0000055067,2025-02-24,K,Haigh Todd W,,0000055067-25-000092,2025-02-20,F,6501,82.45,24412.1254,D
0000055067,2025-02-24,K,Haigh Todd W,,0000055067-25-000092,2025-02-21,M,5178,0,29590.1254,D
0000055067,2025-02-24,K,Haigh Todd W,,0000055067-25-000092,2025-02-21,F,1403,82.66,28187.1254,D
0000055067,2025-02-24,K,Lance Rodrigo,,0000055067-25-000091,2025-02-20,M,5502,56.69,31306,D
0000055067,2025-02-24,K,Lance Rodrigo,,0000055067-25-000091,2025-02-20,F,4285,82.45,27021,D
0000055067,2025-02-24,K,Lance Rodrigo,,0000055067-25-000091,2025-02-21,M,18704,0,45725,D
0000055067,2025-02-24,K,Lance Rodrigo,,0000055067-25-000091,2025-02-21,F,7357,82.66,38368,D
0000055067,2025-02-24,K,LAWLOR DAVID,,0000055067-25-000090,2025-02-20,M,5502,56.69,56025.066,D
0000055067,2025-02-24,K,LAWLOR DAVID,,0000055067-25-000090,2025-02-20,F,4592,82.45,51433.066,D
0000055067,2025-02-24,K,LAWLOR DAVID,,0000055067-25-000090,2025-02-21,M,33992,0,85425.066,D
0000055067,2025-02-24,K,LAWLOR DAVID,,0000055067-25-000090,2025-02-21,F,17711,82.66,67714.066,D
0000055067,2025-02-24,K,CAHILLANE STEVEN A,,0000055067-25-000089,2025-02-21,M,169943,0,551533.8428,D
0000055067,2025-02-24,K,CAHILLANE STEVEN A,,0000055067-25-000089,2025-02-21,F,76135,82.66,475398.8428,D
0000055067,2025-02-24,K,FORCHE KURT D,,0000055067-25-000088,2025-02-21,M,9353,0,25159.9962,D
0000055067,2025-02-24,K,FORCHE KURT D,,0000055067-25-000088,2025-02-21,F,3984,82.66,21175.9962,D
0000055067,2025-02-24,K,Howell Melissa A,,0000055067-25-000087,2025-02-21,M,29694,0,106449,D
0000055067,2025-02-24,K,Howell Melissa A,,0000055067-25-000087,2025-02-21,F,12325,82.66,94124,D
0000055067,2025-02-24,K,HUGHES CHARISSE FORD,,0000055067-25-000086,2025-02-21,M,11554,0,24192,D
0000055067,2025-02-24,K,HUGHES CHARISSE FORD,,0000055067-25-000086,2025-02-21,F,3901,82.66,20291,D
0000055067,2025-02-24,K,Kapoor Shumit,,0000055067-25-000085,2025-02-21,M,26401,0,65848,D
0000055067,2025-02-28,K,KELLOGG W K FOUNDATION TRUST,isTenPercentOwner,0000950170-25-030134,2025-02-28,S,114583,82.6978,47847446,D
0000055067,2025-03-07,K,KELLOGG W K FOUNDATION TRUST,isTenPercentOwner,0000950170-25-035703,2025-03-07,S,114583,82.5498,47732863,D
0000055067,2025-03-14,K,KELLOGG W K FOUNDATION TRUST,isTenPercentOwner,0000950170-25-039534,2025-03-14,S,114583,82.2554,47618280,D
0000055067,2025-03-21,K,KELLOGG W K FOUNDATION TRUST,isTenPercentOwner,0000950170-25-043359,2025-03-21,S,114583,82.3071,47503697,D
0000055067,2025-03-28,K,KELLOGG W K FOUNDATION TRUST,isTenPercentOwner,0000950170-25-046861,2025-03-28,S,114583,82.4386,47389114,D
0000055067,2025-04-07,K,KELLOGG W K FOUNDATION TRUST,isTenPercentOwner,0000950170-25-051728,2025-04-07,S,114583,82.0297,47274531,D
0000055067,2025-04-14,K,KELLOGG W K FOUNDATION TRUST,isTenPercentOwner,0000950170-25-053817,2025-04-14,S,114583,82.4121,47159948,D
0000055067,2025-04-21,K,KELLOGG W K FOUNDATION TRUST,isTenPercentOwner,0000950170-25-056380,2025-04-21,S,114583,82.2574,47045365,D
0000055067,2025-04-28,K,KELLOGG W K FOUNDATION TRUST,isTenPercentOwner,0000950170-25-059385,2025-04-28,S,114583,82.4727,46930782,D
0000055067,2025-05-07,K,Gund G Zachary,,0000055067-25-000149,2025-05-05,A,2119,82.61,31967.854,I
0000055067,2025-05-07,K,MONTGOMERY TABRON LA JUNE,,0000055067-25-000148,2025-05-05,A,2119,82.61,34537.594,I
0000055067,2025-05-07,K,KNAUSS DONALD R,,0000055067-25-000147,2025-05-05,A,2119,82.61,60308.887,I
0000055067,2025-05-07,K,Laschinger Mary A,,0000055067-25-000146,2025-05-05,A,2119,82.61,39536.278,I
0000055067,2025-05-07,K,Mann Erica L,,0000055067-25-000145,2025-05-05,A,2119,82.61,19127.859,I
0000055067,2025-05-07,K,CAST CARTER A,,0000055067-25-000144,2025-05-05,A,2119,82.61,24201.504,I
0000055067,2025-05-07,K,BURNS STEPHANIE,,0000055067-25-000143,2025-05-05,A,2119,82.61,34537.594,I
0000055067,2025-05-07,K,Gillum Roderick D.,,0000055067-25-000142,2025-05-05,A,2119,82.61,19150.566,I
0000055067,2025-05-07,K,SCHLOTMAN J MICHAEL,,0000055067-25-000141,2025-05-05,A,2119,82.61,13794.635,I
0000055067,2025-05-07,K,TASTAD CAROLYN M,,0000055067-25-000140,2025-05-05,A,2119,82.61,28664.939,I
0000055067,2025-05-07,K,KELLOGG W K FOUNDATION TRUST,isTenPercentOwner,0000950170-25-065528,2025-05-07,S,114583,82.558,46816199,D
0000055067,2025-05-14,K,KELLOGG W K FOUNDATION TRUST,isTenPercentOwner,0000950170-25-071596,2025-05-14,S,114583,81.7942,46701616,D
0000055067,2025-05-21,K,KELLOGG W K FOUNDATION TRUST,isTenPercentOwner,0000950170-25-075839,2025-05-21,S,114583,82.244,46587033,D
0000055067,2025-05-28,K,KELLOGG W K FOUNDATION TRUST,isTenPercentOwner,0000950170-25-078437,2025-05-28,S,114583,82.3869,46472450,D
0000055067,2025-06-09,K,KELLOGG W K FOUNDATION TRUST,isTenPercentOwner,0000950170-25-083921,2025-06-09,S,114583,81.888,46357867,D
0000055067,2025-06-16,K,KELLOGG W K FOUNDATION TRUST,isTenPercentOwner,0000950170-25-086926,2025-06-16,S,114583,80.1903,46243284,D
0000055067,2025-06-23,K,KELLOGG W K FOUNDATION TRUST,isTenPercentOwner,0000950170-25-089103,2025-06-23,S,114583,78.4157,46128701,D
0000055067,2025-06-30,K,KELLOGG W K FOUNDATION TRUST,isTenPercentOwner,0000950170-25-091708,2025-06-30,S,114583,79.3713,46014118,D
0000055067,2025-07-07,K,KELLOGG W K FOUNDATION TRUST,isTenPercentOwner,0000950170-25-094401,2025-07-07,S,114583,79.6789,45899535,D
0000055067,2025-07-14,K,KELLOGG W K FOUNDATION TRUST,isTenPercentOwner,0000950170-25-095537,2025-07-14,S,114583,79.5442,45784952,D
0000055067,2025-07-21,K,KELLOGG W K FOUNDATION TRUST,isTenPercentOwner,0000950170-25-097329,2025-07-21,S,114583,79.9200,45670369,D
0000055067,2025-07-28,K,KELLOGG W K FOUNDATION TRUST,isTenPercentOwner,0000950170-25-099274,2025-07-28,S,114583,79.7883,45555786,D
0000055067,2025-08-08,K,KELLOGG W K FOUNDATION TRUST,isTenPercentOwner,0000950170-25-105777,2025-08-07,S,114583,79.9700,45441203,D
0000055067,2025-08-14,K,KELLOGG W K FOUNDATION TRUST,isTenPercentOwner,0000950170-25-109044,2025-08-14,S,114583,80.0734,45326620,D
0000055067,2025-08-19,K,Renwick John,,0000055067-25-000181,2025-08-18,M,6504,0,64839.6849,D
0000055067,2025-08-19,K,Renwick John,,0000055067-25-000181,2025-08-18,F,2869,80.02,61970.6849,D
0000055067,2025-08-19,K,Haigh Todd W,,0000055067-25-000180,2025-08-15,M,5803,0,33990.1254,D
0000055067,2025-08-19,K,Haigh Todd W,,0000055067-25-000180,2025-08-15,F,2351,80.19,31639.1254,D
0000055067,2025-08-21,K,KELLOGG W K FOUNDATION TRUST,isTenPercentOwner,0000950170-25-110727,2025-08-21,S,114583,79.9820,45212037,D
0000055067,2025-08-28,K,KELLOGG W K FOUNDATION TRUST,isTenPercentOwner,0000950170-25-112084,2025-08-28,S,114599,79.5546,45097438,D
0000055067,2025-12-11,K,Gillum Roderick D.,isDirector,0001193125-25-316436,2025-12-11,D,19579.7040,83.50,0,I
0000055067,2025-12-11,K,SCHLOTMAN J MICHAEL,isDirector,0001193125-25-316430,2025-12-11,D,500,83.50,0,D
0000055067,2025-12-11,K,SCHLOTMAN J MICHAEL,isDirector,0001193125-25-316430,2025-12-11,D,14089.652,83.50,0,I
0000055067,2025-12-11,K,Gund G Zachary,isDirector,0001193125-25-316427,2025-12-11,D,32709.311,83.50,0,I
0000055067,2025-12-11,K,Gund G Zachary,isDirector,0001193125-25-316427,2025-12-11,D,9200,83.50,0,I
0000055067,2025-12-11,K,Gund G Zachary,isDirector,0001193125-25-316427,2025-12-11,D,34296,83.50,0,I
0000055067,2025-12-11,K,Gund G Zachary,isDirector,0001193125-25-316427,2025-12-11,D,1409000,83.50,0,I
0000055067,2025-12-11,K,Bahner Kris,isOfficer,0001193125-25-316424,2025-12-09,G,9000,0,36807.3652,D
0000055067,2025-12-11,K,Bahner Kris,isOfficer,0001193125-25-316424,2025-12-11,D,36807.3652,83.50,0,D
0000055067,2025-12-11,K,Bahner Kris,isOfficer,0001193125-25-316424,2025-12-11,D,2124,83.50,0,I
0000055067,2025-12-11,K,Bahner Kris,isOfficer,0001193125-25-316424,2025-12-11,D,159.589,83.50,0,I
0000055067,2025-12-11,K,CAHILLANE STEVEN A,"isDirector,isOfficer",0001193125-25-316423,2025-12-11,D,475398.8428,83.50,0,D
0000055067,2025-12-11,K,KNAUSS DONALD R,isDirector,0001193125-25-316421,2025-12-11,D,85,83.50,0,D
0000055067,2025-12-11,K,KNAUSS DONALD R,isDirector,0001193125-25-316421,2025-12-11,D,61674.351,83.50,0,I
0000055067,2025-12-11,K,BURNS STEPHANIE,isDirector,0001193125-25-316414,2025-12-11,D,35309.977,83.50,0,I
0000055067,2025-12-11,K,Marroquin Victor,isOfficer,0001193125-25-316412,2025-12-11,D,10855,83.50,0,D
0000055067,2025-12-11,K,Laschinger Mary A,isDirector,0001193125-25-316410,2025-12-11,D,40423.693,83.50,0,I
0000055067,2025-12-11,K,MONTGOMERY TABRON LA JUNE,isDirector,0001193125-25-316402,2025-12-11,D,35309.977,83.50,0,I
0000055067,2025-12-11,K,Haigh Todd W,isOfficer,0001193125-25-316399,2025-12-11,D,31639.1254,83.50,0,D
0000055067,2025-12-11,K,Haigh Todd W,isOfficer,0001193125-25-316399,2025-12-11,D,357.15,83.50,0,I
0000055067,2025-12-11,K,Haigh Todd W,isOfficer,0001193125-25-316399,2025-12-11,D,100,83.50,0,I
0000055067,2025-12-11,K,Renwick John,isOfficer,0001193125-25-316398,2025-12-11,D,62531.83,83.50,0,D
0000055067,2025-12-11,K,Renwick John,isOfficer,0001193125-25-316398,2025-12-11,D,3863.29,83.50,0,I
0000055067,2025-12-11,K,HUGHES CHARISSE FORD,isOfficer,0001193125-25-316397,2025-12-11,D,20291,83.50,0,D
0000055067,2025-12-11,K,TASTAD CAROLYN M,isDirector,0001193125-25-316396,2025-12-11,D,29302.171,83.50,0,I
0000055067,2025-12-11,K,Lance Rodrigo,isOfficer,0001193125-25-316395,2025-12-11,D,38368,83.50,0,D
0000055067,2025-12-11,K,Lance Rodrigo,isOfficer,0001193125-25-316395,2025-12-11,D,76.016,83.50,0,I
0000055067,2025-12-11,K,Kapoor Shumit,isOfficer,0001193125-25-316391,2025-12-11,D,65848,83.50,0,D
0000055067,2025-12-11,K,CAST CARTER A,isDirector,0001193125-25-316390,2025-12-11,D,24736.019,83.50,0,I
0000055067,2025-12-11,K,LAWLOR DAVID,isOfficer,0001193125-25-316388,2025-12-11,D,67714.066,83.50,0,D
0000055067,2025-12-11,K,LAWLOR DAVID,isOfficer,0001193125-25-316388,2025-12-11,D,4388,83.50,0,I
0000055067,2025-12-11,K,Mann Erica L,isDirector,0001193125-25-316387,2025-12-11,D,19545.607,83.50,0,I
0000055067,2025-12-11,K,AMAYA NICOLAS,isOfficer,0001193125-25-316385,2025-12-11,D,43630.3597,83.50,0,D
0000055067,2025-12-11,K,AMAYA NICOLAS,isOfficer,0001193125-25-316385,2025-12-11,D,555.154,83.50,0,I
0000055067,2025-12-11,K,FORCHE KURT D,isOfficer,0001193125-25-316383,2025-12-11,D,21197.5092,83.50,0,D
0000055067,2025-12-11,K,FORCHE KURT D,isOfficer,0001193125-25-316383,2025-12-11,D,130.392,83.50,0,I
0000055067,2025-12-11,K,Howell Melissa A,isOfficer,0001193125-25-316381,2025-12-11,D,94124,83.50,0,D
0000055067,2025-12-12,K,KELLOGG W K FOUNDATION TRUST,isTenPercentOwner,0001193125-25-317636,2025-12-11,S,45097438,83.50,0,D
